ISO_code,Year,IPV,Education,Employment,Parliamentary Representation,Poverty,Legal Protection Index,Son Bias,Maternal Mortality,Attitudes Towards Violence,Child Marriage,Access Water Sanitation,Access Electricity,Cell Phone Use,Financial Inclusion,Education (source),Employment (source),Parliamentary Representation (source),Poverty Alleviation (source),Legal Protection (source),Gender-Equitable Births (source),Maternal Survival (source),Attitudes Against Violence (source),Absence of Child Marriage (source),Water Sanitation Access (source),Electricity Access (source),Cell Phone Use (source),Financial Inclusion (source),Subregion,Region,Income,Education (score),Employment (score),Parliamentary Representation (score),Poverty Alleviation (score),Legal Protection (score),Gender-Equitable Births (score),Maternal Survival (score),Attitudes Against Violence (score),Absence of Child Marriage (score),Water Sanitation Access (score),Electricity Access (score),Cell Phone Use (score),Financial Inclusion (score),Equity,Protection,Resources,WSI (Baseline),included_index,Economy
AFG,2018,46.0,0.4486989529651778,18.84536557173121,27.444794952681388,24.68970002001485,0.2291666666666666,105.3,663.4275,4.2007730887145645,32.5125,56.37725725797001,93.4,59.90264778,0.0615304624661803,TSI,TSI,ORI,TSI,ORI,ORI,ORI,AVG_REG,TSI,ORI,ORI,ORI,TSI,Southern Asia,South Asia,Low income,0.1904564762946147,0.1414481611822369,0.2619730427301405,0.7301672128960126,0.1777777777777777,0.7142857142857143,0.6070281688410237,0.9057158970441546,0.5755548302872062,0.5256486152087959,0.933467741935484,0.1875320012580079,0.0540201134802614,30.03645341761565,70.06461526145247,42.51671179706373,44.72692289700698,True,Afghanistan
ALB,2018,13.0,0.938384293205911,61.25129961831047,27.857142857142858,0.0,0.9375,108.4,5.42929,5.54197355429127,11.8,97.47635267156846,100.0,94.36446759,0.3949111104011535,TSI,ORI,ORI,ORI,ORI,ORI,ORI,AVG_REG,ORI,ORI,ORI,ORI,TSI,Southern Europe,Europe & Central Asia,Upper middle income,0.5946981986840828,0.5900694002398233,0.2659090909090909,1.0,0.9333333333333332,0.5371428571428567,0.9974207439954624,0.8740806397265171,0.8459530026109661,0.972557993154045,1.0,0.2954186185524091,0.390068727620854,67.6802004633266,81.36493108689507,66.4511334831827,71.52652019091778,True,Albania
AGO,2018,38.0,0.6034100669232596,67.99326990401875,30.454545454545453,31.1,0.8125,102.6,233.09626,20.24828425129148,30.3,52.92617557058372,45.3,42.49094914,0.2233164608478546,TSI,TSI,ORI,ORI,ORI,ORI,ORI,AVG_AFR,TSI,ORI,ORI,ORI,TSI,Central Africa,Sub-Saharan Africa,Lower middle income,0.318172546268167,0.6613941129543606,0.2907024793388429,0.6601092896174863,0.8,0.8685714285714288,0.8623451566380009,0.527198920674415,0.6044386422976501,0.4881217364629991,0.4485887096774193,0.1330227130667317,0.2171008468110047,54.60756856357713,71.56385370453737,32.17085015045387,50.09599792015682,True,Angola
ARG,2018,27.0,1.0386029411764706,61.9646345856722,39.51367781155015,1.0,0.6875,105.3,33.94483,4.513540621865597,15.5,96.21369364061388,100.0,131.9371685,0.5433669537305832,ORI,ORI,ORI,ORI,ORI,ORI,ORI,TSI,TSI,TSI,ORI,ORI,TSI,South America,Latin America & Caribbean,Upper middle income,0.6774300175521879,0.5976159199455185,0.3771760154738878,0.989071038251366,0.6666666666666666,0.7142857142857143,0.980502377162034,0.8983385648363396,0.7976501305483028,0.9588279059975728,1.0,0.4130442003163155,0.5397126278320582,66.15919315779254,84.76941967080977,72.78961835364865,74.18218438121767,True,Argentina
ARM,2018,10.0,0.9988163404904544,59.33819523916476,18.09523809523809,1.3,0.8125,110.8,25.1014,1.458842302808275,5.3,95.7463755243127,99.9,126.1831509,0.4179829806089401,TSI,ORI,ORI,ORI,ORI,ORI,ORI,TSI,TSI,ORI,ORI,ORI,TSI,Western Asia,Europe & Central Asia,Upper middle income,0.6445856526761015,0.5698302691767952,0.1727272727272727,0.985792349726776,0.8,0.4,0.9857492142482596,0.9703905584282,0.9308093994778068,0.953746313652122,0.998991935483871,0.3950305986510803,0.4133252365303651,63.4587108861389,82.17372930385666,69.02735210793595,71.13475153500279,True,Armenia
AUS,2018,23.0,1.0104923325262307,71.46668077951085,32.743362831858406,0.5,0.96875,105.9,4.42425,2.2905027932960893,0.1588235294117647,99.98988141499466,100.0,110.6519296,0.9939631968736647,ORI,ORI,ORI,ORI,ORI,ORI,ORI,ORI,AVG_EUR,ORI,ORI,ORI,TSI,Australia and New Zealand,East Asia & Pacific,High income,0.6542243384673232,0.698140052544036,0.3125502815768302,0.994535519125683,0.9666666666666668,0.6799999999999995,0.998017037644549,0.9507739580073364,0.9979265857779144,0.9998899710447416,1.0,0.3464083570589075,0.9939148857709336,72.52233716761079,90.66793953574498,83.50533034686455,81.88667659619742,True,Australia
AUT,2018,15.0,0.9508908366533864,72.45946951006977,33.60655737704918,0.6,0.9375,105.4,5.82625,1.5610529899472192,0.1,99.98178533204933,100.0,124.2461975,0.9878183007240297,TSI,ORI,ORI,ORI,ORI,ORI,ORI,AVG_REG,AVG_REG,ORI,ORI,ORI,TSI,Western Europe,Europe & Central Asia,High income,0.6050225156461972,0.7086429720160262,0.320789865871833,0.9934426229508196,0.9333333333333332,0.7085714285714281,0.997185226277818,0.967979687368099,0.9986945169712794,0.9998019346693304,1.0,0.3889667473705902,0.9877208134757546,71.2246261963642,91.8107714797156,84.41223738789188,82.03069838124676,True,Austria
AZE,2018,14.0,0.9346049046321524,75.51516997235542,16.8,0.0,0.78125,113.8,27.59978,4.590818363273453,11.0,95.72275158124415,100.0,101.8436601,0.2994445323944091,ORI,TSI,ORI,TSI,ORI,ORI,ORI,TSI,TSI,ORI,ORI,ORI,TSI,Western Asia,Europe & Central Asia,Upper middle income,0.5915782634499912,0.740969865843519,0.1603636363636363,1.0,0.7666666666666667,0.2285714285714285,0.9842669168998908,0.8965157938955971,0.856396866840731,0.9534894281514772,1.0,0.3188330750276116,0.2938381532469965,65.19156864647626,74.14377515519118,64.15401641065213,67.68565859854282,True,Azerbaijan
BGD,2018,50.0,0.8285714285714285,40.63913025271153,20.285714285714285,10.666666666666666,0.375,105.1,172.13547,1.4166666666666663,58.9,68.00189321692618,86.9,98.83168698,0.3157872036099434,ORI,TSI,ORI,TSI,ORI,ORI,ORI,ORI,ORI,ORI,ORI,ORI,TSI,Southern Asia,South Asia,Lower middle income,0.5040462271169092,0.3720089526075951,0.1936363636363636,0.8834244080145719,0.3333333333333333,0.7257142857142859,0.8985134006086782,0.9713853665393808,0.2310704960835509,0.6520542884474861,0.8679435483870969,0.3094037531551733,0.3103116109817324,45.72898569417546,70.6670887236474,53.492830024287215,55.70593239341971,True,Bangladesh
BLR,2018,21.0,0.9989288580756924,76.9335002776702,33.13253012048193,0.0,0.71875,105.7,1.11169,4.4473512099411385,4.7,98.69443872968095,99.3,119.8449004,0.8133817315101624,TSI,ORI,ORI,ORI,ORI,ORI,ORI,TSI,TSI,ORI,ORI,ORI,TSI,Eastern Europe,Europe & Central Asia,Upper middle income,0.6446785374302855,0.7559746785724246,0.3162650602409639,1.0,0.7,0.6914285714285711,0.9999823907550894,0.8998997923572627,0.9386422976501304,0.9858033961741496,0.9929435483870968,0.3751879899386083,0.8118882697967542,68.33836552487348,88.24882630477634,79.14558010741521,78.15079447265762,True,Belarus
BEL,2018,22.0,0.9850659245534086,68.58772081919092,41.42857142857143,0.1,1.0,104.5,4.90796,1.5610529899472192,0.1,99.65574638872704,100.0,99.9891253,0.9877595007419586,TSI,ORI,ORI,ORI,ORI,ORI,ORI,AVG_REG,TSI,ORI,ORI,ORI,TSI,Western Europe,Europe & Central Asia,High income,0.6332345025288857,0.6676829334253477,0.3954545454545455,0.9989071038251366,1.0,0.7599999999999998,0.9977300508569588,0.967979687368099,0.9986945169712794,0.996256604537858,1.0,0.3130272444786199,0.987661542931382,73.9055817046783,93.11010637990844,82.42363479869648,82.77679523260335,True,Belgium
BLZ,2018,24.0,1.0289483071685608,59.06908284718147,11.11111111111111,2.728723404255319,0.71875,105.2,78.44683,7.599498802479009,33.5,91.55532547587842,91.7,64.46818089,0.5228493809700012,TSI,ORI,ORI,AVG_INC,ORI,ORI,ORI,AVG_REG,TSI,ORI,ORI,ORI,TSI,Central America,Latin America & Caribbean,Upper middle income,0.669459989536894,0.5669832729379037,0.106060606060606,0.9701778862922916,0.7,0.7199999999999998,0.9540991892574304,0.8255492364541757,0.5626631853785901,0.9081730582985882,0.9163306451612904,0.2018249180598234,0.5190308578060212,60.25363509655391,76.5577902772549,63.63398698314308,66.45901891508294,True,Belize
BEN,2018,26.0,0.4432082707609848,81.01826771500053,7.228915662650603,20.1,0.6770833333333333,104.0,542.46051,19.427385601185183,30.6,33.989093370334686,39.0,79.24062635,0.2155757211148738,TSI,TSI,ORI,ORI,ORI,ORI,ORI,AVG_REG,ORI,ORI,ORI,ORI,TSI,Western Africa,Sub-Saharan Africa,Lower middle income,0.1859238455439677,0.7991882870024231,0.0690032858707557,0.780327868852459,0.6555555555555554,0.7885714285714284,0.6787982952898195,0.5465616786620118,0.6005221932114881,0.2822009116603408,0.3850806451612903,0.2480717262270162,0.2092981597750176,49.799976856503214,65.3613398933687,28.116286070591624,45.064651164290495,True,Benin
BTN,2018,22.0,0.6813417190775682,68.91703853274907,8.333333333333334,0.72,0.65625,104.9,57.31804,4.2007730887145645,25.8,82.23505988853213,100.0,92.31829061,0.2768187820911407,TSI,ORI,ORI,TSI,ORI,ORI,ORI,AVG_REG,TSI,ORI,ORI,ORI,TSI,Southern Asia,South Asia,Lower middle income,0.3825061554385526,0.6711668543440047,0.0795454545454545,0.9921311475409836,0.6333333333333333,0.7371428571428567,0.9666349722012736,0.9057158970441546,0.6631853785900783,0.8068249859381619,1.0,0.2890128305245286,0.2710313344337237,55.173658904046576,81.81697762445907,59.17172877241036,64.40157550281236,True,Bhutan
BOL,2018,42.0,0.8922382141659098,71.92706736536795,51.80722891566265,3.3,0.875,104.2,171.43248,5.544747081712062,19.7,71.9046347740266,92.8,98.61224848,0.5414178371429443,TSI,ORI,ORI,ORI,ORI,ORI,ORI,TSI,TSI,ORI,ORI,ORI,TSI,South America,Latin America & Caribbean,Lower middle income,0.5566040003495357,0.7030105784559482,0.4945235487404162,0.9639344262295082,0.8666666666666667,0.7771428571428568,0.8989304869658096,0.8740152197867793,0.7428198433420365,0.6944924925980264,0.9274193548387096,0.3087167761586106,0.537747912926944,71.6947844088415,82.32271018093705,61.70941341305727,71.41446937419806,True,Bolivia
BIH,2018,12.0,0.815668202764977,39.0199736063543,19.29824561403509,0.1,0.90625,106.9,5.54747,5.54197355429127,3.5,95.63193716039154,100.0,101.7919614,0.5864798575639725,ORI,ORI,ORI,TSI,ORI,ORI,ORI,AVG_REG,TSI,ORI,ORI,ORI,TSI,Southern Europe,Europe & Central Asia,Upper middle income,0.4933944436230109,0.3548795560443868,0.1842105263157895,0.9989071038251366,0.9,0.6228571428571423,0.9973506273996564,0.8740806397265171,0.954308093994778,0.9525019169684872,1.0,0.3186712264110189,0.583170554003025,58.62783259616647,86.21491259945235,71.35859243456328,71.18319910239023,True,Bosnia and Herzegovina
BWA,2018,34.0,0.9636464492645294,60.1010267906677,9.523809523809524,15.4,0.59375,103.2,162.26725,33.92754456584244,7.586666666666666,82.74409228457517,68.3,137.9300386,0.4181372344493866,AVG_INC,TSI,ORI,TSI,ORI,ORI,ORI,AVG_REG,AVG_REG,ORI,ORI,ORI,TSI,Southern Africa,Sub-Saharan Africa,Upper middle income,0.6155524424958071,0.5779004235908348,0.0909090909090909,0.8316939890710382,0.5666666666666667,0.834285714285714,0.9043682490861392,0.2045425161527468,0.9009573542210618,0.8123601771432293,0.6804435483870968,0.4318055566967508,0.4134807248276883,53.65445225466875,71.10384584364155,58.45225017636913,60.641047853680185,True,Botswana
BRA,2018,23.0,1.055483870967742,57.59161167586225,11.27946127946128,5.3,0.75,104.5,59.1834,3.168202764976958,26.2,91.852897336397,99.7,99.64002652,0.7076998203992844,ORI,ORI,ORI,ORI,ORI,ORI,ORI,ORI,TSI,ORI,ORI,ORI,TSI,South America,Latin America & Caribbean,Upper middle income,0.6913654482738928,0.5513527966271817,0.1076675849403122,0.9420765027322404,0.7333333333333333,0.7599999999999998,0.9655282477711415,0.9300714119193672,0.6579634464751958,0.9114088388854856,0.9969758064516128,0.3119343513382271,0.7053606114322921,60.515913318139205,82.8390776541426,73.14199020269045,71.57431606042515,True,Brazil
BGR,2018,19.0,1.0172649255172626,71.32578972373663,23.75,0.9,0.90625,106.3,7.16773,5.181347150259067,7.8199999999999985,90.3569360470676,98.7,117.8397093,0.7630878984928131,TSI,ORI,ORI,ORI,ORI,ORI,ORI,TSI,AVG_REG,ORI,ORI,ORI,TSI,Eastern Europe,Europe & Central Asia,High income,0.6598152035203625,0.6966495366189739,0.2267045454545454,0.9901639344262296,0.9,0.6571428571428571,0.9963893216328524,0.8825868320369913,0.897911227154047,0.8951418353780758,0.9868951612903226,0.3689105128349452,0.7611919471697876,69.46666440040222,85.85075594916869,75.30348641682828,76.57938678299712,True,Bulgaria
BFA,2018,19.0,0.5662650602409638,44.695435032026914,11.023622047244094,31.2,0.7083333333333333,104.2,276.62409,24.712254570074474,44.75,31.27289421866056,14.4,94.83338248,0.1938951686024665,ORI,ORI,ORI,ORI,ORI,ORI,ORI,TSI,TSI,ORI,ORI,ORI,TSI,Western Africa,Sub-Saharan Africa,Low income,0.2875088521660773,0.4149214486297991,0.105225483178239,0.659016393442623,0.6888888888888888,0.7771428571428568,0.8365199471065272,0.4219060481191751,0.4157963446475196,0.2526651065280347,0.1370967741935483,0.2968866095511431,0.1874441029462064,43.11122132611255,61.28412992540198,21.85231483047332,38.64962340977176,True,Burkina Faso
BDI,2018,40.0,0.6445086705202312,91.34672969574326,37.80487804878049,62.957142857142856,0.625,102.4,517.90526,17.69619423711119,19.0,50.95864884338113,9.5,54.97002994,0.0654888525605201,TSI,TSI,ORI,TSI,ORI,ORI,ORI,AVG_REG,TSI,ORI,ORI,ORI,TSI,Eastern Africa,Sub-Saharan Africa,Low income,0.3520999868929452,0.9084552449303016,0.3608647450110865,0.311943793911007,0.6,0.8799999999999996,0.6933670086014576,0.587395756545368,0.7519582245430809,0.4667269554612297,0.0877016129032258,0.1720898842688989,0.0580101816310984,50.66727541490681,72.81802474224766,19.613215856611323,41.67143132174578,True,Burundi
CPV,2018,19.0,0.9151712887438826,57.42488014547859,23.61111111111111,4.6,0.875,103.3,48.02332,19.427385601185183,8.4,80.43230565086331,90.2,106.8497659,0.2958234280452648,TSI,ORI,ORI,TSI,ORI,ORI,ORI,AVG_REG,ORI,ORI,ORI,ORI,AVG_INC,Western Africa,Sub-Saharan Africa,Lower middle income,0.5755355566067201,0.5495889089206045,0.2253787878787878,0.9497267759562842,0.8666666666666667,0.8285714285714285,0.9721495611788628,0.5465616786620118,0.8903394255874674,0.7872219322252532,0.9012096774193548,0.3345052543715232,0.2901880700591271,63.33793392058127,80.94055234999426,57.82812335188146,66.67909831910576,True,Cabo Verde
KHM,2018,19.0,0.6437363807821189,82.45488561459277,18.47826086956522,0.3965840298565899,0.75,105.2,209.22378,10.065407664650616,18.2,67.21585567459555,80.7,121.1658947,0.2075218260288238,TSI,TSI,ORI,TSI,ORI,ORI,ORI,AVG_REG,TSI,ORI,ORI,ORI,TSI,Southeast Asia,East Asia & Pacific,Lower middle income,0.351462451503863,0.8143865680132705,0.1763833992094861,0.9956657483075784,0.7333333333333333,0.7199999999999998,0.8765087801872548,0.7673851786724792,0.762402088772846,0.643506958012365,0.8054435483870969,0.3793235117212052,0.2011798112779904,61.42463000735064,78.1574011908145,50.736345734966434,62.45165441967671,True,Cambodia
CMR,2018,39.0,0.7378693652846267,73.6165795082063,27.142857142857142,24.15714285714286,0.5833333333333333,103.1,423.89329,20.24828425129148,29.8,50.520903661774426,62.2,73.59740879,0.2210129424929618,ORI,TSI,ORI,TSI,ORI,ORI,ORI,AVG_AFR,ORI,ORI,ORI,ORI,TSI,Central Africa,Sub-Saharan Africa,Lower middle income,0.429170474721891,0.720884280520627,0.2590909090909091,0.7359875097580015,0.5555555555555555,0.8400000000000002,0.7491446300385156,0.527198920674415,0.6109660574412532,0.4619669376350064,0.6189516129032259,0.2304049965951673,0.2147788939454019,54.01377459293968,68.18274020385459,38.15256102697005,51.98773440261112,True,Cameroon
CAF,2018,29.0,0.4846706420746083,55.45707141217101,8.571428571428571,64.82307692307693,0.6770833333333333,103.2,867.63413,20.24828425129148,60.833333333333336,22.893140489007493,14.6,25.10924907,0.0971761718392372,TSI,AVG_INC,ORI,TSI,ORI,ORI,ORI,AVG_AFR,TSI,ORI,ORI,ORI,TSI,Central Africa,Sub-Saharan Africa,Low income,0.220151581228134,0.5287710490617673,0.0818181818181818,0.2915510718789407,0.6555555555555554,0.834285714285714,0.4858716809695602,0.527198920674415,0.2058311575282854,0.1615441100932926,0.1391129032258064,0.0786073387853653,0.089951087005787,35.556948790851585,51.32968683644936,11.730385977756285,27.7673947532988,True,Central African Republic
TCD,2018,29.0,0.3653734052033655,57.8424886399927,12.76595744680851,30.9,0.5833333333333333,104.3,1076.16398,20.24828425129148,62.175,24.51290242448743,10.1,44.75798518,0.0756274431943893,TSI,ORI,ORI,ORI,ORI,ORI,ORI,AVG_AFR,TSI,ORI,ORI,ORI,TSI,Central Africa,Sub-Saharan Africa,Low income,0.1216701349887431,0.5540068764636401,0.1218568665377176,0.6622950819672131,0.5555555555555555,0.7714285714285715,0.3621502119733621,0.527198920674415,0.1883159268929503,0.1791573152434288,0.0937499999999999,0.1401199253146212,0.0682299089996621,40.307690310257385,46.22734077423248,12.031428738942804,28.196898600815704,True,Chad
CHL,2018,21.0,0.9776119402985074,62.52475072315711,0.0,0.7,0.71875,104.0,15.13551,8.730964467005077,23.51590909090909,100.0,100.0,134.6365175,0.746206983923912,TSI,ORI,ORI,TSI,ORI,ORI,ORI,ORI,AVG_REG,ORI,ORI,ORI,TSI,South America,Latin America & Caribbean,High income,0.6270811399790003,0.6035415056274333,0.0,0.9923497267759562,0.7,0.7885714285714284,0.9916620106687936,0.7988610504879095,0.6930037977688108,1.0,1.0,0.4214948170890988,0.7441759386478669,58.4594474476478,81.80245718742356,79.14176889342414,72.33396462516292,True,Chile
CHN,2018,19.0,0.7992510348152326,74.17422556298723,24.24760601915185,0.4,0.6875,113.9,20.35598,3.076414158121072,2.8,91.35058134485284,100.0,116.3882038,0.7857805341482162,ORI,TSI,ORI,ORI,ORI,ORI,ORI,ORI,TSI,ORI,ORI,ORI,TSI,East Asia,East Asia & Pacific,Upper middle income,0.4798418544327785,0.7267837346813727,0.2314544210919039,0.9956284153005464,0.6666666666666666,0.2228571428571424,0.9885646880684532,0.9322364545593316,0.9634464751958224,0.9059466815057716,1.0,0.3643664110073982,0.7840661866027947,62.00750184346536,77.67761901701874,76.35948197789911,71.64749944929696,True,China
COL,2018,30.0,1.038369304556355,59.05961728720183,19.77611940298508,4.5,0.75,104.5,63.14635,3.8157894736842106,23.4,93.08682889651432,98.5,130.9211763,0.439846895635128,ORI,ORI,ORI,ORI,ORI,ORI,ORI,ORI,TSI,ORI,ORI,ORI,TSI,South America,Latin America & Caribbean,Upper middle income,0.6772371474334248,0.5668831348005907,0.1887720488466757,0.9508196721311476,0.7333333333333333,0.7599999999999998,0.9631770160623072,0.9147966094634742,0.6945169712793733,0.924826545051753,0.9848790322580644,0.4098635220393172,0.4353641232796381,62.34090673090344,83.31226492012887,68.87333056571931,70.98681872185404,True,Colombia
COM,2018,16.0,0.7445842063445142,52.29118400615049,6.0606060606060606,18.6,0.4895833333333333,103.2,243.56516,17.69619423711119,25.06,50.50194582767264,81.0,64.26561932,0.2400952713056044,TSI,TSI,ORI,TSI,ORI,ORI,ORI,AVG_REG,TSI,ORI,ORI,ORI,TSI,Eastern Africa,Sub-Saharan Africa,Lower middle income,0.4347136647922452,0.4952784645275915,0.0578512396694214,0.7967213114754098,0.4555555555555555,0.834285714285714,0.8561339226742577,0.587395756545368,0.672845953002611,0.46176079115513,0.8084677419354839,0.2011907761978547,0.2340139341068045,44.80240472040448,73.76653366269876,42.63583108488183,52.0369473228186,True,Comoros
COD,2018,47.0,0.6282093136212193,70.26854871998832,8.166666666666666,76.60000000000001,0.75,102.1,543.4782,20.24828425129148,29.1,23.03571334097171,18.7,41.87818082,0.131390032172203,ORI,TSI,ORI,TSI,ORI,ORI,ORI,AVG_AFR,ORI,ORI,ORI,ORI,TSI,Central Africa,Sub-Saharan Africa,Low income,0.3386446522826462,0.6854647630784813,0.0779545454545454,0.1628415300546447,0.7333333333333333,0.8971428571428574,0.6781944963527237,0.527198920674415,0.6201044386422976,0.163094439703762,0.1804435483870967,0.1311043726658342,0.1244387527431684,39.96477648407301,68.06601782030734,14.977027837496534,34.40945464067122,True,Democratic Republic of Congo
CRI,2018,27.0,1.0267441860465116,56.24456855115587,35.08771929824562,1.5,0.71875,104.4,17.98992,7.599498802479009,17.1,98.36528445498814,99.7,168.5386493,0.6092963069677353,ORI,ORI,ORI,ORI,ORI,ORI,ORI,AVG_REG,ORI,ORI,ORI,ORI,TSI,Central America,Latin America & Caribbean,Upper middle income,0.6676404584104483,0.53710214588085,0.3349282296650718,0.9836065573770492,0.7,0.7657142857142852,0.9899684795109404,0.8255492364541757,0.7767624020887728,0.982224190095022,0.9969758064516128,0.5276292678852695,0.6061695980364357,64.46554782666838,83.94986009420435,77.82497156170851,74.95872801414068,True,Costa Rica
CIV,2018,27.0,0.7466656166968533,60.68025069343973,10.588235294117649,11.5,0.78125,103.0,522.26569,19.427385601185183,28.26666666666667,46.65207179449229,67.1,132.6110689,0.107936542481184,TSI,TSI,ORI,ORI,ORI,ORI,ORI,AVG_REG,TSI,ORI,ORI,ORI,TSI,Western Africa,Sub-Saharan Africa,Lower middle income,0.4364318965559635,0.5840281543152173,0.1010695187165775,0.8743169398907104,0.7666666666666667,0.8457142857142855,0.6907799506572108,0.5465616786620118,0.6309834638816361,0.4198974656482887,0.6683467741935484,0.4151539215948257,0.1007975703402685,55.2502635229027,67.85098447287861,40.104893294423285,53.17358692252729,True,Côte d’Ivoire
HRV,2018,13.0,0.9069965870307168,62.57452712941803,18.543046357615893,0.4,0.9375,106.3,4.89074,5.54197355429127,6.82,96.98023140330388,100.0,105.479914,0.8451347649097443,TSI,ORI,ORI,ORI,ORI,ORI,ORI,AVG_REG,AVG_REG,ORI,ORI,ORI,TSI,Southern Europe,Europe & Central Asia,High income,0.5687872322665922,0.6040681006324644,0.177001806140879,0.9956284153005464,0.9333333333333332,0.6571428571428571,0.997740267541506,0.8740806397265171,0.9109660574412533,0.9671631968658482,1.0,0.3302167783566139,0.8438954151868213,65.57637775347631,85.99824554630334,78.53188476023209,76.22445804949317,True,Croatia
CUB,2018,14.0,1.0145161520741082,52.06092733370527,48.8562091503268,2.728723404255319,0.731060606060606,107.6,38.6073,14.528389522511397,29.4,91.4375131080704,99.6,47.43291193,0.5726386081934767,TSI,TSI,ORI,AVG_INC,AVG_REG,ORI,ORI,AVG_REG,TSI,ORI,ORI,ORI,AVG_INC,Caribbean,Latin America & Caribbean,Upper middle income,0.6575460547021175,0.4928425310664824,0.4663547237076649,0.9701778862922916,0.7131313131313131,0.582857142857143,0.977736117858866,0.6621156212117574,0.6161879895561357,0.9068919728761116,0.9959677419354838,0.1484940854767629,0.5692185363987016,66.00105017799739,70.97242178709755,65.5143084171765,67.45159295575927,True,Cuba
CYP,2018,16.0,0.9927007299270072,70.6346936733221,17.857142857142858,0.0,0.9375,106.5,58.51631,2.941607176938289,6.82,99.51773570577406,100.0,137.0450965,0.90684974193573,ORI,ORI,ORI,ORI,ORI,ORI,ORI,TSI,AVG_REG,ORI,ORI,ORI,TSI,Southern Europe,Europe & Central Asia,High income,0.6395371353028517,0.6893382870635646,0.1704545454545454,1.0,0.9333333333333332,0.6457142857142856,0.9659240345362148,0.9354161832034738,0.9109660574412533,0.9947558837106082,1.0,0.4290351455519889,0.9061042825273944,68.6532660230859,86.45051402238067,83.2473827947498,79.05568820985826,True,Cyprus
CZE,2018,22.0,0.9719501669523986,74.7096429196118,21.071428571428573,0.0,0.90625,104.7,3.18415,6.700167504187604,7.8199999999999985,99.38254507928558,100.0,120.5956604,0.8229896128177643,TSI,ORI,ORI,ORI,ORI,ORI,ORI,TSI,AVG_REG,ORI,ORI,ORI,TSI,Eastern Europe,Europe & Central Asia,High income,0.622407271228744,0.7324480267985564,0.2011363636363636,1.0,0.9,0.7485714285714282,0.9987527931908278,0.8467620064803328,0.897911227154047,0.9932858280273874,1.0,0.377538328871564,0.8215730406982635,69.11983323327327,87.2999363849159,79.80992993993037,78.38347491500201,True,Czechia
DNK,2018,23.0,1.0348101265822784,75.10901429802466,37.43016759776536,0.2,1.0,105.8,5.01327,1.6814339274786836,0.7,99.73014622538646,100.0,125.1362568,1.0,ORI,ORI,ORI,ORI,ORI,ORI,ORI,AVG_REG,TSI,ORI,ORI,ORI,TSI,Northern Europe,Europe & Central Asia,High income,0.6742989989607259,0.7366730600788259,0.3572879634332148,0.9978142076502732,1.0,0.6857142857142857,0.99766757007591,0.9651402297085696,0.9908616187989556,0.9970656244052318,1.0,0.3917531784876306,1.0,75.3214846024608,90.98459260744303,84.72047007232156,83.42413155797426,True,Denmark
DOM,2018,19.0,1.0816079865075676,60.41950958394022,24.324324324324323,0.8,0.875,104.5,109.27617,14.528389522511397,32.333333333333336,89.75786332169633,98.9,83.02096599,0.5190081372857094,TSI,ORI,ORI,ORI,ORI,ORI,ORI,AVG_REG,TSI,ORI,ORI,ORI,TSI,Caribbean,Latin America & Caribbean,Upper middle income,0.7129312510331279,0.5812697196233074,0.2321867321867321,0.9912568306010928,0.8666666666666667,0.7599999999999998,0.9358080370171958,0.6621156212117574,0.577893820713664,0.8886275504200899,0.9889112903225808,0.2599065062308622,0.5151588735601499,67.68622400221854,73.39543697356542,66.31510551334206,69.06541155899083,True,Dominican Republic
ECU,2018,33.0,0.990177267488192,64.56471120740552,37.956204379562045,3.3,0.8125,104.7,71.33758,7.6923076923076925,22.2,90.95607751946308,98.7,92.69594524,0.4612705558538437,TSI,ORI,ORI,ORI,ORI,ORI,ORI,ORI,ORI,ORI,ORI,ORI,TSI,South America,Latin America & Caribbean,Upper middle income,0.6374539836974751,0.6251226739390852,0.3623092236230922,0.9639344262295082,0.8,0.7485714285714282,0.9583171314535296,0.8233601281243987,0.7101827676240209,0.9016568678875472,0.9868951612903226,0.2901951209770033,0.4569592319666984,67.77640614978321,81.01078639433443,65.8926595530393,71.25567751778429,True,Ecuador
EGY,2018,30.0,0.985761226725082,19.616373474809688,14.93288590604027,2.0,0.3333333333333333,105.2,19.05367,8.900083963056256,16.485714285714284,97.49970680454577,100.0,90.40274284,0.2598650902509689,TSI,ORI,ORI,TSI,ORI,ORI,ORI,ORI,TSI,ORI,ORI,ORI,TSI,Northern Africa,Middle East & North Africa,Lower middle income,0.6338084836640372,0.1496048149284396,0.1425411836485662,0.9781420765027322,0.2888888888888888,0.7199999999999998,0.989337353019243,0.7948719832959981,0.7847817978366282,0.9728119447541056,1.0,0.2830159919852252,0.2539419662213022,43.85970895265328,82.22477835379672,62.74424757401583,60.93696088862912,True,Egypt
SLV,2018,21.0,0.8960093604657545,54.844816089703045,32.142857142857146,1.8,0.90625,104.8,44.65384,7.599498802479009,19.7,90.10028260509972,97.0,150.3024373,0.23450892791152,TSI,ORI,ORI,ORI,ORI,ORI,ORI,AVG_REG,TSI,ORI,ORI,ORI,TSI,Central America,Latin America & Caribbean,Upper middle income,0.5597171314775423,0.5222938720449026,0.3068181818181819,0.980327868852459,0.9,0.7428571428571429,0.9741486851189284,0.8255492364541757,0.7428198433420365,0.8923509994985246,0.969758064516129,0.4705387475415743,0.2283828845323203,65.38314108386172,82.13437269430709,64.0257674022137,70.05651123411235,True,El Salvador
GNQ,2018,46.0,0.9636464492645294,54.84425677998188,18.023255813953487,2.728723404255319,0.5833333333333333,103.1,219.04197,20.24828425129148,29.5,65.76929108690928,66.5,39.35997262,0.5726386081934767,AVG_INC,AVG_INC,ORI,AVG_INC,ORI,ORI,ORI,AVG_AFR,TSI,TSI,ORI,ORI,AVG_INC,Central Africa,Sub-Saharan Africa,Upper middle income,0.6155524424958071,0.5222879549904674,0.1720401691331923,0.9701778862922916,0.5555555555555555,0.8400000000000002,0.8706836146788933,0.527198920674415,0.614882506527415,0.6277770916117874,0.6622983870967742,0.1232208376163535,0.5692185363987016,56.71228016934627,71.31912604701809,49.562871318090416,58.525687845587385,True,Equatorial Guinea
EST,2018,21.0,1.0769230769230769,76.7231359001202,26.73267326732673,0.2,1.0,106.2,5.36849,1.1944260119442602,0.2,99.36654083275772,100.0,145.5233453,0.9868069142103196,ORI,ORI,ORI,ORI,ORI,ORI,ORI,TSI,AVG_REG,ORI,ORI,ORI,TSI,Northern Europe,Europe & Central Asia,High income,0.7090637962329854,0.7537491898564728,0.2551755175517551,0.9978142076502732,1.0,0.6628571428571426,0.9974568168421796,0.9766274168361352,0.9973890339425588,0.993111798701723,1.0,0.4555772605260476,0.9867013330758032,74.31605422582972,90.8582602619504,85.88475980758935,83.39135969094689,True,Estonia
ETH,2018,37.0,0.4866300182887005,67.899206733418,37.285714285714285,27.0,0.625,105.6,311.85239,6.015822786141619,40.3,20.721041523323763,44.8,36.6663282,0.3084004640579224,TSI,TSI,ORI,TSI,ORI,ORI,ORI,TSI,TSI,ORI,ORI,TSI,TSI,Eastern Africa,Sub-Saharan Africa,Low income,0.2217690721973433,0.6603989990135087,0.3559090909090909,0.7049180327868853,0.6,0.6971428571428573,0.8156188769420459,0.8629038300220073,0.4738903394255874,0.1379248214490941,0.4435483870967742,0.1147880796752476,0.3028657571061399,50.85990389813657,71.23889758831245,24.9781761331814,44.89705104754505,True,Ethiopia
FJI,2018,52.0,1.0116006646367093,44.72981429818524,16.0,1.15,0.6875,107.3,36.5823,9.305029849711843,4.0,94.10052470191869,95.1,110.4466178,0.5726386081934767,TSI,TSI,ORI,TSI,ORI,ORI,ORI,AVG_TLS,TSI,ORI,ORI,ORI,AVG_INC,Melanesia,East Asia & Pacific,Upper middle income,0.6551392812775351,0.4152851540717048,0.1527272727272727,0.987431693989071,0.6666666666666666,0.6,0.978937557243766,0.7853204153888397,0.9477806788511748,0.935849419333046,0.9506048387096774,0.3457656052914515,0.5692185363987016,57.545001374645,82.80096628709452,70.03595999332191,69.36196135935262,True,Fiji
FIN,2018,23.0,1.0265055418372064,75.85943576263318,42.0,0.1,0.96875,105.4,7.67408,0.791295746785361,0.1,99.63013646866752,100.0,129.6355826,0.994593307375908,TSI,ORI,ORI,ORI,ORI,ORI,ORI,TSI,TSI,ORI,ORI,ORI,TSI,Northern Europe,Europe & Central Asia,High income,0.6674434544606049,0.7446119255899192,0.4009090909090909,0.9989071038251366,0.9666666666666668,0.7085714285714281,0.9960889024562872,0.986136159189088,0.9986945169712794,0.9959781236290244,1.0,0.4058388258313779,0.9945500388979844,75.57076482902836,92.23727517970208,84.90917470895968,83.95984613693628,True,Finland
FRA,2018,22.0,0.9666890129268256,70.24290889701811,35.351351351351354,0.0,1.0,105.1,7.8024,2.0,0.1,99.09497177304144,100.0,109.5588076,0.9346534758806228,TSI,ORI,ORI,ORI,ORI,ORI,ORI,TSI,AVG_REG,ORI,ORI,ORI,TSI,Western Europe,Europe & Central Asia,High income,0.6180641190240889,0.6851935140325935,0.3374447174447175,1.0,1.0,0.7257142857142859,0.9960127697640055,0.9576261257878348,0.9986945169712794,0.9901587711879636,1.0,0.342986215235861,0.9341305231565068,72.814047010028,91.95119245593514,81.68188773950827,81.77729993339864,True,France
GAB,2018,41.0,0.9636464492645294,40.889741629854434,17.35159817351598,2.5,0.5520833333333333,102.1,228.56613,20.24828425129148,16.166666666666668,61.424031710587855,89.6,133.692425,0.2752122841775417,AVG_INC,TSI,ORI,TSI,ORI,ORI,ORI,AVG_AFR,TSI,ORI,ORI,ORI,TSI,Central Africa,Sub-Saharan Africa,Upper middle income,0.6155524424958071,0.3746602227438049,0.1656288916562889,0.9726775956284152,0.5222222222222221,0.8971428571428574,0.8650328981692194,0.527198920674415,0.7889469103568321,0.580526972227407,0.8951612903225806,0.418539228939675,0.2694119800985854,53.01482749493076,76.9580396585831,54.0909867897062,60.43085670961727,True,Gabon
GMB,2018,25.0,0.6221193252400321,67.45173193092532,10.344827586206897,15.68,0.65625,103.2,511.59036,19.427385601185183,25.185714285714287,59.01470332885493,60.3,130.1227936,0.2498827576637268,ORI,ORI,ORI,TSI,ORI,ORI,ORI,AVG_REG,TSI,ORI,ORI,ORI,TSI,Western Africa,Sub-Saharan Africa,Low income,0.3336172863595971,0.6556650695563527,0.0987460815047022,0.8286338797814208,0.6333333333333333,0.834285714285714,0.697113660241806,0.5465616786620118,0.6712047743379336,0.5543280635285593,0.5997983870967741,0.4073640948679065,0.2438797473954287,50.99991301070812,68.72914568818665,45.13425732221671,54.0844262859148,True,The Gambia
GEO,2018,10.0,1.005860952073348,60.69195105973976,16.0,5.6,0.75,107.1,26.21116,0.2497918401332223,13.9,89.1337785707919,99.9,144.7181513,0.6537449657917023,TSI,ORI,ORI,ORI,ORI,ORI,ORI,TSI,ORI,ORI,ORI,ORI,TSI,Western Asia,Europe & Central Asia,Upper middle income,0.6504010726730197,0.5841519349356649,0.1527272727272727,0.9387978142076504,0.7333333333333333,0.6114285714285717,0.9850907898671304,0.998908757965424,0.8185378590078329,0.8818412860265545,0.998991935483871,0.4530565098110624,0.6509739689281606,61.188228557538814,85.34914945672398,74.62159250624121,73.0427636733892,True,Georgia
DEU,2018,21.0,0.9610027855153204,76.76049938515709,31.49100257069409,0.0,0.96875,105.4,4.70637,0.6548788474132285,0.1,99.48087927277052,100.0,129.6794748,0.9939943552017212,ORI,ORI,ORI,ORI,ORI,ORI,ORI,ORI,AVG_REG,ORI,ORI,ORI,TSI,Western Europe,Europe & Central Asia,High income,0.6133700631195459,0.7541444659735923,0.3005959336293526,1.0,0.9666666666666668,0.7085714285714281,0.9978496548893548,0.9893538614080146,0.9986945169712794,0.9943551088180922,1.0,0.4059762353184485,0.9939462934516946,72.69554258778315,92.36173654600192,84.85694093970588,82.90150494900115,True,Germany
GHA,2018,24.0,0.7056261826053691,77.2835892255196,12.727272727272728,25.2,0.65625,103.8,272.81522,8.054123711340207,18.4,43.739395819034335,80.4,132.601312,0.3664419427514076,TSI,TSI,ORI,TSI,ORI,ORI,ORI,TSI,TSI,ORI,ORI,ORI,TSI,Western Africa,Sub-Saharan Africa,Lower middle income,0.4025533011402321,0.7596783427198067,0.1214876033057851,0.7245901639344262,0.6333333333333333,0.8,0.8387797626274973,0.8148258760438829,0.7597911227154047,0.3882251819824713,0.8024193548387097,0.4151233765179237,0.361371727978873,52.83285488867166,80.33491903466962,49.17849103294945,59.31909902493076,True,Ghana
GRC,2018,18.0,0.9434851748223596,50.73697174235507,18.33333333333333,0.1,1.0,106.3,5.69884,0.9189640768588136,6.82,99.32112122599642,100.0,114.4592115,0.8676050752401352,TSI,ORI,ORI,ORI,ORI,ORI,ORI,TSI,AVG_REG,ORI,ORI,ORI,TSI,Southern Europe,Europe & Central Asia,High income,0.5989090438960801,0.4788361281607867,0.175,0.9989071038251366,1.0,0.6571428571428571,0.997260819064006,0.9831248118350964,0.9109660574412533,0.9926179083131405,1.0,0.358327482849183,0.8665455500780036,65.03304551764006,88.71236363708032,80.43727353100817,77.42095574140868,True,Greece
GRD,2018,28.0,0.9636464492645294,64.07496016130607,25.0,0.3,0.78125,104.2,21.08288,14.528389522511397,20.276190476190475,92.85836237596526,92.3,97.44168486,0.5726386081934767,AVG_INC,ORI,ORI,ORI,ORI,ORI,ORI,AVG_REG,AVG_REG,TSI,ORI,ORI,AVG_INC,Caribbean,Latin America & Caribbean,Upper middle income,0.6155524424958071,0.6199414952651394,0.2386363636363636,0.99672131147541,0.7666666666666667,0.7771428571428568,0.9881334158270292,0.6621156212117574,0.7352977744622653,0.9223422122567756,0.9223790322580644,0.3050521946018049,0.5692185363987016,64.75036559078774,79.06724171609771,67.97479938788366,70.3389016791385,True,Grenada
GTM,2018,21.0,0.8293148354476503,44.82873286826191,12.658227848101266,9.5,0.6875,103.7,98.41375,8.036454018227008,29.5,76.26001842716664,94.2,121.4676927,0.3921340763568878,TSI,ORI,ORI,TSI,ORI,ORI,ORI,TSI,TSI,ORI,ORI,ORI,TSI,Central America,Latin America & Caribbean,Upper middle income,0.5046599193216468,0.4163316342983839,0.1208285385500575,0.8961748633879781,0.6666666666666666,0.8057142857142854,0.9422527477348878,0.8152426558636836,0.614882506527415,0.74185270283014,0.941532258064516,0.3802683244300445,0.3872694696321936,52.09323244449465,79.45230489600681,61.27306887392236,63.29739154039718,True,Guatemala
GIN,2018,37.0,0.38801261829653,50.70512335521987,21.92982456140351,13.8,0.5833333333333333,104.5,567.71805,19.427385601185183,46.5,39.6354688810229,45.0,95.6840313,0.1281581204384565,ORI,TSI,ORI,ORI,ORI,ORI,ORI,AVG_REG,ORI,ORI,ORI,ORI,TSI,Western Africa,Sub-Saharan Africa,Lower middle income,0.1403591047051409,0.4784991974170166,0.2093301435406698,0.8491803278688524,0.5555555555555555,0.7599999999999998,0.6638129109334301,0.5465616786620118,0.3929503916449085,0.343599298698612,0.4455645161290322,0.2995496617115123,0.1211809767868324,44.658486581744704,59.08312453100876,30.24736133314973,43.05447686426661,True,Guinea
GUY,2018,31.0,1.0227221336948051,44.71052643794528,31.88405797101449,0.4386363636363636,0.90625,103.7,117.70569,5.138715268873394,30.60909090909091,90.53879304575264,90.9,90.83706155,0.8725859133096842,TSI,ORI,ORI,AVG_INC,ORI,ORI,ORI,AVG_REG,TSI,ORI,ORI,TSI,AVG_INC,South America,Latin America & Caribbean,High income,0.6643202010194569,0.4150811037670914,0.3043478260869565,0.9952061599602584,0.9,0.8057142857142854,0.930806774141244,0.8835924017278659,0.60040351293615,0.8971193387109213,0.908266129032258,0.2843756757369223,0.8715662486125422,65.57910581667527,80.51292436298863,74.0331848023161,73.11713651781392,True,Guyana
HTI,2018,23.0,0.7773994307415838,57.68634432117972,2.73972602739726,29.2,0.6458333333333333,103.0,358.7682,40.19607843137255,14.9,45.744505776875016,44.4,59.95845963,0.2713823318481445,TSI,TSI,ORI,TSI,ORI,ORI,ORI,TSI,TSI,ORI,ORI,ORI,TSI,Caribbean,Latin America & Caribbean,Lower middle income,0.4618030663747942,0.552354993080981,0.0261519302615193,0.6808743169398908,0.6222222222222221,0.8457142857142855,0.7877835673576075,0.0566849162412378,0.8054830287206266,0.4100286410355849,0.439516129032258,0.1877067265550074,0.2655513775696422,46.86813057758815,62.391644950843926,32.57007185481232,45.667537557128455,True,Haiti
HND,2018,17.0,1.0340356564019448,56.947514800533845,21.09375,14.2,0.75,105.2,65.09502,7.599498802479009,33.94285714285714,85.42760898471963,91.6,77.49076112,0.360709086060524,ORI,ORI,ORI,ORI,ORI,ORI,ORI,AVG_REG,TSI,ORI,ORI,ORI,TSI,Central America,Latin America & Caribbean,Lower middle income,0.6736596635877629,0.5445387611677681,0.2013494318181818,0.8448087431693989,0.7333333333333333,0.7199999999999998,0.9620208635259252,0.8255492364541757,0.556881760537113,0.8415405950356006,0.9153225806451613,0.2425935755830096,0.3555929925964466,59.9537986615289,76.61129651293035,58.87624359650546,64.66707292147531,True,Honduras
HKG,2018,13.0,0.9314132370799324,67.88788794393516,18.018203149990075,0.4386363636363636,0.90625,107.7,18.5416375,6.271104679208876,7.4,97.67545913884008,100.0,265.9712453,0.9557396918535233,TSI,ORI,AVG_REG,AVG_INC,ORI,ORI,AVG_REG,ORI,AVG_REG,ORI,ORI,ORI,TSI,East Asia,East Asia & Pacific,High income,0.588943499689308,0.6602792551739591,0.1719919391589962,0.9952061599602584,0.9,0.5771428571428567,0.9896411436423782,0.8568824271199111,0.9033942558746736,0.9747230662910024,1.0,0.8326530087848072,0.9553854871115368,66.32841707965042,83.17651709449548,94.06903905468369,80.36168305969008,True,Hong Kong
HUN,2018,19.0,0.968568500397598,69.32629222451553,10.050251256281408,0.2,0.96875,105.6,14.58146,0.99601593625498,7.8199999999999985,98.65230830541353,100.0,102.7165638,0.7583732008934021,TSI,ORI,ORI,ORI,ORI,ORI,ORI,TSI,AVG_REG,ORI,ORI,ORI,TSI,Eastern Europe,Europe & Central Asia,High income,0.6196156607794964,0.6754964346826311,0.0959342165372316,0.9978142076502732,0.9666666666666668,0.6971428571428573,0.9919907304175364,0.98130736883432,0.897911227154047,0.985345272181092,1.0,0.3215657986021641,0.7564395189644075,67.11054372632599,89.20880458871903,76.5837647436916,77.11018226903188,True,Hungary
ISL,2018,21.0,1.0180930064989857,83.83757532985918,38.095238095238095,0.0,1.0,106.7,2.80324,1.6814339274786836,0.2,99.18370774520008,100.0,116.5506905,1.0,TSI,ORI,ORI,TSI,ORI,ORI,ORI,AVG_REG,AVG_REG,ORI,ORI,ORI,TSI,Northern Europe,Europe & Central Asia,High income,0.6604987953186489,0.8290143314912226,0.3636363636363636,1.0,1.0,0.6342857142857139,0.998978788388903,0.9651402297085696,0.9973890339425588,0.9911236814303837,1.0,0.364875093964798,1.0,77.06298980892471,89.89484415814363,83.89996938487954,83.4540620033409,True,Iceland
IND,2018,35.0,0.6792452830188679,24.882138173208908,11.577608142493638,11.1,0.59375,108.4,115.7112,6.63170556875054,24.1,74.74288117812416,95.7,85.90350833,0.7684620767831802,ORI,ORI,ORI,ORI,ORI,ORI,ORI,TSI,TSI,ORI,ORI,ORI,TSI,Southern Asia,South Asia,Lower middle income,0.3807755197555816,0.2053124402100037,0.1105135322692574,0.8786885245901639,0.5666666666666667,0.5371428571428567,0.9319901118394116,0.8483768366266106,0.6853785900783289,0.725355433062913,0.9566532258064516,0.2689306304351286,0.7666091337335817,42.839133669833465,75.0722098921802,67.93871057595187,60.22993483804214,True,India
IDN,2018,22.0,0.9054842473745623,59.65296275206937,19.821428571428573,5.4,0.59375,106.0,181.13231,4.25531914893617,16.3,83.50338071680267,98.5,119.6084851,0.5127110779285431,ORI,ORI,ORI,ORI,ORI,ORI,ORI,ORI,TSI,ORI,ORI,ORI,TSI,Southeast Asia,East Asia & Pacific,Upper middle income,0.5675387758861312,0.5731602604817676,0.1892045454545455,0.940983606557377,0.5666666666666667,0.6742857142857142,0.8931755448478663,0.904429304401919,0.7872062663185379,0.8206166391775624,0.9848790322580644,0.3744478651531424,0.5088114203314024,56.75107710092975,81.47742074635093,67.2188739230043,67.73828619096969,True,Indonesia
IRN,2018,31.0,0.9884281581485054,17.125229483037913,5.882352941176471,0.7,0.21875,105.7,17.43931,1.8387349808297104,16.7,92.17236577030454,100.0,103.6264522,0.8958296775817871,TSI,ORI,ORI,ORI,ORI,ORI,ORI,TSI,TSI,ORI,ORI,ORI,TSI,Middle East,Middle East & North Africa,Upper middle income,0.6360100708129791,0.1232504819939981,0.0561497326203208,0.9923497267759562,0.1666666666666666,0.6914285714285711,0.9902951582959874,0.9614299273139492,0.7819843342036553,0.9148827216469908,1.0,0.3244143069552526,0.8949960272137716,39.48853357739842,85.62844978105407,78.35732639540038,64.2277782145549,True,"Iran, Islamic Republic"
IRQ,2018,26.0,0.6827254086796215,11.132649967927785,25.304878048780488,0.1,0.3125,105.7,71.92842,11.833333333333334,27.9,96.96762061304732,99.9,89.9894631,0.1731457412242889,ORI,TSI,ORI,TSI,ORI,ORI,ORI,ORI,ORI,ORI,ORI,ORI,TSI,Middle East,Middle East & North Africa,Upper middle income,0.3836484094984994,0.0598537308632049,0.2415465631929046,0.9989071038251366,0.2666666666666666,0.6914285714285711,0.9579665840727026,0.7256846388332052,0.6357702349869452,0.9670260678032194,0.998991935483871,0.281722173104193,0.1665286228250941,39.01244948092825,75.2712507330356,60.35671998040944,56.17192760065147,True,Iraq
IRL,2018,16.0,1.0356188780053428,68.70565629394304,24.31192660550459,0.0,1.0,105.4,5.43022,1.6814339274786836,0.2,91.52920468916508,100.0,102.8335051,0.9636397808790208,TSI,ORI,ORI,ORI,ORI,ORI,ORI,AVG_REG,AVG_REG,ORI,ORI,ORI,TSI,Northern Europe,Europe & Central Asia,High income,0.6749666339527879,0.6689305974610937,0.232068390325271,1.0,1.0,0.7085714285714281,0.9974201922233006,0.9651402297085696,0.9973890339425588,0.9078890222529276,1.0,0.3219318965432644,0.9633487986746108,71.51931243478306,91.71302211114642,79.82924293677007,80.6006941242552,True,Ireland
ITA,2018,16.0,0.9689836491426536,55.55042841566682,30.105263157894736,1.5,0.9375,105.9,4.88753,0.8999999999999999,6.82,99.89576290081608,100.0,139.1884938,0.9299122542142868,TSI,ORI,ORI,ORI,ORI,ORI,ORI,TSI,AVG_REG,ORI,ORI,ORI,TSI,Southern Europe,Europe & Central Asia,High income,0.6199583715571286,0.529758692313228,0.2873684210526316,0.9836065573770492,0.9333333333333332,0.6799999999999995,0.9977421720454198,0.9835721226336068,0.9109660574412533,0.9988665313266314,1.0,0.4357452927667872,0.9293513586183888,67.08050751266741,89.30700880300698,84.09907956779519,79.57152998138153,True,Italy
JAM,2018,24.0,1.0798035326214557,69.7175559980201,19.047619047619047,0.1,0.625,104.0,90.51271,14.528389522511397,7.9,87.93584544603755,98.2,105.44623,0.7412067140851702,TSI,ORI,ORI,ORI,ORI,ORI,ORI,AVG_REG,TSI,ORI,ORI,ORI,TSI,Caribbean,Latin America & Caribbean,Upper middle income,0.7114416504938597,0.6796356959160983,0.1818181818181818,0.9989071038251366,0.6,0.7885714285714284,0.9469404616300338,0.6621156212117574,0.8968668407310705,0.8688150249320867,0.9818548387096776,0.3301113267920425,0.7391356528362983,63.43605264106553,82.36235880360725,72.99792108175262,72.52011313433718,True,Jamaica
JPN,2018,20.0,0.9482817506992286,73.84902771249577,13.71994342291372,0.7,0.75,105.2,5.19423,1.5228896023949985,7.4,99.6444320012861,100.0,142.4668807,0.9825891107320786,TSI,ORI,ORI,TSI,ORI,ORI,ORI,TSI,AVG_REG,ORI,ORI,ORI,TSI,East Asia,East Asia & Pacific,High income,0.602868680696896,0.7233433986551435,0.1309630963096309,0.9923497267759562,0.7333333333333333,0.7199999999999998,0.9975602058926548,0.968879857489057,0.9033942558746736,0.9961335724905058,1.0,0.4460086530528462,0.9824497755173192,63.6571647154192,89.74585798140963,85.61480002651678,78.78983371511816,True,Japan
JOR,2018,24.0,0.9355140186915888,15.5076294511725,15.384615384615383,0.0,0.1875,104.9,41.6902,3.413821815154038,9.7,97.84608982340688,99.9,83.47869848,0.2794773578643799,ORI,ORI,ORI,TSI,ORI,ORI,ORI,ORI,ORI,ORI,ORI,ORI,TSI,Middle East,Middle East & North Africa,Lower middle income,0.5923287491252501,0.1061375531808291,0.1468531468531468,1.0,0.1333333333333333,0.7371428571428567,0.9759070228071582,0.9242779291001344,0.8733681462140992,0.9765784952811232,0.998991935483871,0.2613394894640203,0.2737111861579276,39.57305564985119,87.76739888160621,62.76552765967356,60.18450124868652,True,Jordan
KAZ,2018,16.0,1.0049261083743843,54.84425677998188,22.07792207792208,0.0,0.65625,106.6,13.80216,9.20608108108108,7.0,97.06284671576536,100.0,140.6055713,0.6612221002578735,ORI,AVG_INC,ORI,ORI,ORI,ORI,ORI,ORI,TSI,ORI,ORI,ORI,TSI,Central Asia,Europe & Central Asia,Upper middle income,0.6496293468401652,0.5222879549904674,0.2107438016528925,1.0,0.6333333333333333,0.6400000000000001,0.9924530917571178,0.7876543466968277,0.908616187989556,0.9680615513802078,1.0,0.440181613853773,0.6585109411269483,60.31988873633718,83.21809066108754,76.66885265902323,72.7387356268247,True,Kazakhstan
KEN,2018,38.0,0.8295939410094569,78.85169923351211,23.26139088729017,32.76,0.875,102.2,511.51001,23.98042414355628,17.7,43.23816836660812,61.2,99.09540718,0.4641572386026382,TSI,TSI,ORI,TSI,ORI,ORI,ORI,TSI,TSI,ORI,ORI,ORI,TSI,Eastern Africa,Sub-Saharan Africa,Lower middle income,0.5048903246529106,0.7762677062270809,0.2220405493786789,0.6419672131147541,0.8666666666666667,0.8914285714285711,0.6971613321699919,0.439167929881067,0.7689295039164491,0.3827748613192393,0.6088709677419355,0.3102293590125269,0.4598690161524475,60.23664920080181,69.91718343490197,44.04360510565373,57.030764937919855,True,Kenya
KIR,2018,53.0,1.0136043503605052,35.698806788734444,6.521739130434782,2.6461538461538456,0.6875,107.2,110.35632,9.305029849711843,18.4,53.430860621487184,87.5,43.62598354,0.2958234280452648,ORI,TSI,ORI,TSI,ORI,ORI,ORI,AVG_TLS,TSI,ORI,ORI,ORI,AVG_INC,Micronesia,East Asia & Pacific,Lower middle income,0.656793350332811,0.3197442381617296,0.0622529644268774,0.9710802858343842,0.6666666666666666,0.6057142857142854,0.9351671803497392,0.7853204153888397,0.7597911227154047,0.4936096548682033,0.873991935483871,0.1365760663894499,0.2901880700591271,53.530750108449375,77.14982510420673,44.85914317001629,57.00720514769731,True,Kiribati
KGZ,2018,23.0,0.9909726496001436,53.290736513942846,19.166666666666668,0.7,0.78125,105.8,53.67607,6.466042581085835,12.9,94.9455905728014,100.0,140.3591937,0.3831406906247139,ORI,ORI,ORI,ORI,ORI,ORI,ORI,TSI,ORI,ORI,ORI,ORI,TSI,Central Asia,Europe & Central Asia,Lower middle income,0.6381105821464609,0.5058529394125539,0.1829545454545454,0.9923497267759562,0.7666666666666667,0.6857142857142857,0.9687957653847916,0.8522843742224375,0.8315926892950392,0.9450386206738132,1.0,0.4394103009635175,0.3782041119683669,61.71868920912367,83.45967786541387,69.06632584014244,70.85762371721442,True,Kyrgyz Republic
LAO,2018,19.0,0.6790871421858682,63.51067504862181,27.516778523489933,7.1,0.90625,105.3,165.27107,10.065407664650616,32.7,78.9981484803123,92.9,51.54585373,0.3336909040808677,TSI,TSI,ORI,ORI,ORI,ORI,ORI,AVG_REG,TSI,ORI,ORI,ORI,TSI,Southeast Asia,East Asia & Pacific,Lower middle income,0.3806449724071957,0.6139718051232811,0.262660158633313,0.9224043715846996,0.9,0.7142857142857143,0.9025860724672996,0.7673851786724792,0.573107049608355,0.7716269834187982,0.9284274193548387,0.1613701140897958,0.3283585905185168,61.59362615496978,73.9341003758462,54.74457768454874,62.93717208151322,True,Laos
LVA,2018,25.0,1.05625,76.14350497051359,16.0,0.4,1.0,107.1,23.36722,1.6814339274786836,0.2,94.47671869655936,100.0,106.9512252,0.9379497915506364,ORI,ORI,ORI,ORI,ORI,ORI,ORI,AVG_REG,AVG_REG,ORI,ORI,ORI,TSI,Northern Europe,Europe & Central Asia,High income,0.6919978979188429,0.7476171531101392,0.1527272727272727,0.9956284153005464,1.0,0.6114285714285717,0.986778109138386,0.9651402297085696,0.9973890339425588,0.9399401328253918,1.0,0.3348228841638675,0.9374532184585268,71.75941478113603,89.01839860545215,80.30540588619466,80.05119430811915,True,Latvia
LSO,2018,40.0,1.2071817485136522,54.79967384668713,22.727272727272727,32.4,0.75,102.7,598.63927,33.92754456584244,16.4,55.081396526909145,47.0,71.9803805,0.3483785092830658,ORI,TSI,ORI,TSI,ORI,ORI,ORI,AVG_REG,ORI,ORI,ORI,ORI,TSI,Southern Africa,Sub-Saharan Africa,Lower middle income,0.8165940517518705,0.5218163028213738,0.2169421487603305,0.6459016393442623,0.7333333333333333,0.8628571428571425,0.6454672459768082,0.2045425161527468,0.7859007832898173,0.5115574945309801,0.4657258064516129,0.2253427069877326,0.3431637371394015,58.69174952022341,62.46919220691287,38.64474362774318,52.13280891523523,True,Lesotho
LBR,2018,43.0,0.4838066629073367,52.76398561824821,9.9009900990099,27.6,0.71875,103.9,683.75754,19.427385601185183,28.04285714285714,37.837086919452325,22.8,47.154953365,0.1540110781788826,TSI,TSI,ORI,TSI,ORI,ORI,ORI,AVG_REG,TSI,ORI,ORI,TSI,TSI,Western Africa,Sub-Saharan Africa,Low income,0.2194383550030753,0.5002803315968258,0.0945094509450945,0.6983606557377049,0.7,0.7942857142857138,0.5949662869878911,0.5465616786620118,0.63390525923163,0.3240437888834851,0.2217741935483871,0.1476239048104141,0.1472408296124832,44.251775865654,64.24297347918116,21.01706792136924,39.09394418672489,True,Liberia
LTU,2018,22.0,1.0115968593341451,79.25327444155678,21.27659574468085,0.9,0.9375,105.1,7.84595,1.6814339274786836,0.2,94.81602751404937,100.0,130.8936876,0.8335439711809158,TSI,ORI,ORI,ORI,ORI,ORI,ORI,AVG_REG,TSI,ORI,ORI,ORI,TSI,Northern Europe,Europe & Central Asia,High income,0.6551361399499595,0.7805160542816226,0.2030947775628626,0.9901639344262296,0.9333333333333332,0.7257142857142859,0.995986931400938,0.9651402297085696,0.9973890339425588,0.9436297588628936,1.0,0.4097774655607803,0.8322118630865746,71.24488479108015,92.1057620191588,79.6404771877562,80.54862180744777,True,Lithuania
LUX,2018,20.0,0.9943910256410255,70.28483933249305,28.33333333333333,0.3,1.0,104.8,6.62667,1.5610529899472192,0.1,98.34839941121628,100.0,131.3674819,0.9817748665809632,TSI,ORI,ORI,ORI,ORI,ORI,ORI,AVG_REG,AVG_REG,ORI,ORI,ORI,TSI,Western Europe,Europe & Central Asia,High income,0.6409324967617968,0.6856371048728832,0.2704545454545454,0.99672131147541,1.0,0.7428571428571429,0.9967103343704296,0.967979687368099,0.9986945169712794,0.9820405830269656,1.0,0.4112607321033538,0.9816290151635036,71.87490917129271,92.65604203917378,84.37325825734558,82.51862030748039,True,Luxembourg
MWI,2018,30.0,0.667360266847991,67.46392135269117,16.666666666666668,68.63333333333333,0.7083333333333333,101.3,391.79283,17.69619423711119,39.900000000000006,49.88259958963437,18.0,38.52869707,0.1748385690152645,TSI,TSI,ORI,TSI,ORI,ORI,ORI,AVG_REG,TSI,ORI,ORI,ORI,TSI,Eastern Africa,Sub-Saharan Africa,Low income,0.3709642817773729,0.6557940239967852,0.1590909090909091,0.2499089253187615,0.6888888888888888,0.9428571428571428,0.7681899420964954,0.587395756545368,0.4791122715404698,0.4550260530985149,0.1733870967741935,0.120618435664759,0.1682349979151293,42.49294058145436,69.4388778259869,22.93166458631492,40.74913118504161,True,Malawi
MYS,2018,19.0,0.9842981554940404,61.30086334224059,13.10344827586207,0.0,0.3541666666666666,106.8,21.51642,21.24904798172125,16.00611111111111,96.235281082341,100.0,130.908501,0.8344509154558182,TSI,ORI,ORI,ORI,ORI,ORI,ORI,ORI,AVG_REG,ORI,ORI,ORI,TSI,Southeast Asia,East Asia & Pacific,Upper middle income,0.6326006990198736,0.5905937452340266,0.1250783699059561,1.0,0.311111111111111,0.6285714285714286,0.9878761950710144,0.5035936364988751,0.7910429358862779,0.959062646690929,1.0,0.4098238405817583,0.8331260654212678,53.18767850541934,72.77710490068989,80.05031381734888,67.6689778313429,True,Malaysia
MDV,2018,19.0,1.0013215807049216,50.29788301026408,5.882352941176471,0.0,0.71875,104.6,48.53197,1.1571841851494695,2.2,97.96401635464578,100.0,175.1750865,0.7418158650398254,TSI,TSI,ORI,TSI,ORI,ORI,ORI,TSI,TSI,ORI,ORI,ORI,TSI,Southern Asia,South Asia,Upper middle income,0.6466537615943667,0.4741909166950868,0.0561497326203208,1.0,0.7,0.7542857142857144,0.971847777404478,0.9775058498548156,0.9712793733681462,0.977860822110676,1.0,0.5484053837242527,0.7397496786814765,57.539888218195486,91.87296787282888,81.65039711291013,75.57387432749196,True,Maldives
MLI,2018,29.0,0.484375,58.775237919904846,8.843537414965986,15.2,0.5208333333333333,103.3,439.53977,39.27514792899408,53.7,54.50578432929372,50.9,110.1396447,0.1444376651197672,ORI,ORI,ORI,ORI,ORI,ORI,ORI,TSI,ORI,ORI,ORI,ORI,TSI,Western Africa,Sub-Saharan Africa,Low income,0.2199075247869268,0.5638746260390799,0.0844155844155844,0.833879781420765,0.4888888888888888,0.8285714285714285,0.7398615202572559,0.0784071525229533,0.2989556135770234,0.5052983181042188,0.5050403225806451,0.3448045913478476,0.1375908028006729,43.8193281110249,48.64489287321653,37.31835087083461,43.00726283121696,True,Mali
MLT,2018,17.0,0.9570247933884298,62.484349682872,11.940298507462687,0.1,0.90625,106.8,4.05398,5.54197355429127,6.82,99.9762298341811,100.0,125.2767573,0.9655501693487168,ORI,ORI,ORI,ORI,ORI,ORI,ORI,AVG_REG,AVG_REG,ORI,ORI,ORI,TSI,Southern Europe,Europe & Central Asia,High income,0.6100861780266504,0.6031140945784982,0.1139755766621438,0.9989071038251366,0.9,0.6285714285714286,0.9982367200944486,0.8740806397265171,0.9109660574412533,0.9997415244809436,1.0,0.3921930311639183,0.9652744755298456,64.52165906184858,85.29637114584119,83.93022577936769,77.30094872378307,True,Malta
MHL,2018,38.0,0.9683544303797468,33.37539118051463,9.090909090909092,0.9,0.5,107.0,89.61976999999999,9.305029849711843,26.3,83.17239513267407,95.3,34.83971006,0.5726386081934767,TSI,TSI,ORI,TSI,ORI,ORI,AVG_REG,AVG_TLS,TSI,ORI,ORI,TSI,AVG_INC,Micronesia,East Asia & Pacific,Upper middle income,0.6194389431495881,0.2951643388518737,0.0867768595041322,0.9901639344262296,0.4666666666666667,0.617142857142857,0.9474702459679858,0.7853204153888397,0.6566579634464751,0.8170175195370164,0.9526209677419356,0.1090696453818848,0.5692185363987016,49.16421485196981,75.16478704865393,61.19816672648846,60.92571724367078,True,Marshall Islands
MEX,2018,24.0,0.9637760702524698,51.55824478965158,41.40127388535032,1.9,0.90625,103.9,55.52821,9.595375722543352,20.7,92.99902621533248,99.5,96.89668563,0.339764779806137,ORI,ORI,ORI,ORI,ORI,ORI,ORI,ORI,ORI,ORI,ORI,ORI,TSI,Central America,Latin America & Caribbean,Upper middle income,0.6156594463350421,0.4875245473730144,0.3951939779965258,0.9792349726775956,0.9,0.7942857142857138,0.9676968844256072,0.7784719489336858,0.7297650130548303,0.9238717833657836,0.9949596774193548,0.3033460129875742,0.3344810740297285,67.55225888764356,81.75548901749595,63.91646369506102,70.67348570577887,True,Mexico
FSM,2018,35.0,0.8205550207809462,49.18706394252358,0.0,16.0,0.5625,107.0,68.88322,9.305029849711843,23.83333333333333,90.34182954578333,78.3,20.7906521,0.2958234280452648,AVG_INC,TSI,ORI,TSI,ORI,ORI,ORI,AVG_TLS,AVG_REG,ORI,ORI,TSI,AVG_INC,Micronesia,East Asia & Pacific,Lower middle income,0.4974285765027253,0.462439329617883,0.0,0.825136612021858,0.5333333333333333,0.617142857142857,0.9597733115862322,0.7853204153888397,0.6888598781549173,0.8949775680864495,0.78125,0.0650874834463286,0.2901880700591271,46.366757029516,76.27741155682115,50.78757803979763,56.42263839313462,True,Micronesia
MDA,2018,27.0,1.0119555935098206,73.83778712489828,22.77227722772277,0.0,0.875,106.4,14.48033,7.2195121951219505,12.2,84.92341595067984,100.0,115.7581058,0.4914459213614464,ORI,ORI,ORI,ORI,ORI,ORI,ORI,TSI,TSI,ORI,ORI,ORI,TSI,Eastern Europe,Europe & Central Asia,Upper middle income,0.655432279754724,0.7232244821296832,0.2173717371737173,1.0,0.8666666666666667,0.651428571428571,0.9920507311903732,0.8345120831050137,0.8407310704960835,0.8360580267956073,1.0,0.3623938180869209,0.4873760837630679,69.25390331449582,82.96806140550103,67.1456982161399,72.7988408738479,True,Moldova
MNG,2018,27.0,1.1065962395813145,61.37802647170816,17.105263157894736,0.7,0.84375,105.1,42.20453,10.073260073260071,12.0,71.21420571029594,98.1,133.4403606,0.9595734030008316,ORI,ORI,ORI,ORI,ORI,ORI,ORI,TSI,ORI,ORI,ORI,ORI,TSI,East Asia,East Asia & Pacific,Upper middle income,0.7335593843096303,0.5914100701076463,0.1632775119617225,0.9923497267759562,0.8333333333333334,0.7257142857142859,0.9756018690694616,0.7671999617915586,0.8433420365535248,0.6869848036748999,0.9808467741935484,0.4177501128800393,0.9592498785393188,66.27860052976577,82.79645382822078,76.12078923219516,74.75314165790265,True,Mongolia
MNE,2018,16.0,0.908991043019826,54.888849210824674,23.45679012345679,2.8,0.78125,107.9,5.3854,5.54197355429127,5.8,97.64062416476474,100.0,179.6504897,0.6757224202156067,ORI,ORI,ORI,ORI,ORI,ORI,ORI,AVG_REG,ORI,ORI,ORI,ORI,TSI,Southern Europe,Europe & Central Asia,Upper middle income,0.5704336820538601,0.5227597076361069,0.2239057239057239,0.9693989071038251,0.7666666666666667,0.5657142857142852,0.9974467840816864,0.8740806397265171,0.9242819843342036,0.9743442726353738,1.0,0.5624161386680886,0.6731273037040042,61.06329374732364,84.03809234641732,80.24719287518667,74.39814153974568,True,Montenegro
MOZ,2018,30.0,0.6462826436182568,83.17986769401425,39.6,72.52,0.71875,102.0,160.25721,17.69619423711119,51.2125,39.69091737370598,31.1,47.83274319,0.2742567658424377,TSI,TSI,ORI,TSI,ORI,ORI,ORI,AVG_REG,TSI,ORI,ORI,ORI,TSI,Eastern Africa,Sub-Saharan Africa,Low income,0.3535644251386683,0.8220563049516754,0.378,0.2074316939890711,0.7,0.9028571428571428,0.905560812652176,0.587395756545368,0.3314295039164491,0.3442022426593883,0.3054435483870967,0.1497458023729623,0.2684488149770146,49.22104848158829,68.18108039927839,26.69601020991155,44.74594656865848,True,Mozambique
MMR,2018,19.0,0.8974954303733449,56.967518073836665,10.244648318042811,2.0,0.59375,106.7,214.53393,1.000834028356964,16.0,74.14148955924739,66.1,116.0975729,0.2801614552736282,TSI,ORI,ORI,TSI,ORI,ORI,ORI,TSI,TSI,ORI,ORI,ORI,TSI,Southeast Asia,East Asia & Pacific,Lower middle income,0.5609439018332573,0.5447503799766938,0.097789824854045,0.9781420765027322,0.5666666666666667,0.6342857142857139,0.8733582501380068,0.9811937231957012,0.7911227154046997,0.7188159325802629,0.658266129032258,0.3634565581657578,0.2744007582363882,54.965856996667895,81.99901007560304,50.37348445036668,61.00534235921799,True,Myanmar
NAM,2018,27.0,0.9529411764705882,60.15033077047813,36.3013698630137,15.6,0.78125,101.0,217.95181,33.92754456584244,6.9,51.08456575715569,52.3,114.6990872,0.7381663173437119,TSI,ORI,ORI,TSI,ORI,ORI,ORI,AVG_REG,TSI,ORI,ORI,ORI,TSI,Southern Africa,Sub-Saharan Africa,Upper middle income,0.606715098272383,0.5784220206977096,0.3465130759651307,0.8295081967213115,0.7666666666666667,0.96,0.8713304103133835,0.2045425161527468,0.9099216710182768,0.4680961692855601,0.5191532258064516,0.3590784408074919,0.7360709245212824,62.55650116646403,73.64486493711017,52.05996901051966,62.13070408329409,True,Namibia
NRU,2018,43.0,1.0012068481479102,62.364881335242266,10.526315789473683,1.7,0.5625,107.2,89.61976999999999,9.305029849711843,26.8,76.18557742874684,99.9,84.014210405,0.8725859133096842,AVG_INC,TSI,ORI,TSI,AVG_REG,ORI,AVG_REG,AVG_TLS,TSI,ORI,ORI,TSI,AVG_INC,Micronesia,East Asia & Pacific,High income,0.6465590483517002,0.6018502139602115,0.1004784688995215,0.9814207650273225,0.5333333333333333,0.6057142857142854,0.9474702459679858,0.7853204153888397,0.6501305483028721,0.7410432353719728,0.998991935483871,0.2630159699989309,0.8715662486125422,57.27283659144178,74.71588738434957,71.86543473668293,67.49846601406814,True,Nauru
NPL,2018,27.0,0.5540161607276908,30.943601461750028,3.636363636363636,8.2,0.40625,105.2,201.15369,4.2007730887145645,37.96666666666667,76.0018929489841,93.9,137.4358818,0.4361479878425598,TSI,TSI,ORI,TSI,ORI,ORI,ORI,AVG_REG,TSI,ORI,ORI,ORI,TSI,Southern Asia,South Asia,Lower middle income,0.2773972236779,0.2694379271765323,0.0347107438016528,0.9103825136612022,0.3666666666666666,0.7199999999999998,0.8812967920221624,0.9057158970441546,0.5043516100957354,0.7390458601070711,0.9385080645161292,0.430258543049214,0.4316356140058519,37.17190149967908,75.2841074790513,63.486202041956666,56.21675978787901,True,Nepal
NLD,2018,21.0,0.9610182975338106,74.58913984085973,35.55555555555556,0.1,1.0,104.8,3.99093,1.56504161439994,0.1,98.4614411808714,100.0,122.1100816,0.9974315315485,ORI,ORI,ORI,ORI,ORI,ORI,ORI,TSI,AVG_REG,ORI,ORI,ORI,TSI,Western Europe,Europe & Central Asia,High income,0.6133828684958905,0.7311731995434693,0.3393939393939394,0.9989071038251366,1.0,0.7428571428571429,0.9982741278738156,0.9678856066067631,0.9986945169712794,0.9832697932188202,1.0,0.3822793954004859,0.9974109767050464,73.65714222516871,92.69278485772504,84.07400413310882,83.10761942021367,True,Netherlands
NZL,2018,23.0,0.9943939145281426,77.20903378921778,38.333333333333336,0.4386363636363636,0.9375,105.1,7.88525,1.2209712099106222,0.1588235294117647,100.0,100.0,130.5976242,0.993165209889412,TSI,ORI,ORI,AVG_INC,ORI,ORI,ORI,TSI,AVG_EUR,ORI,ORI,ORI,TSI,Australia and New Zealand,East Asia & Pacific,High income,0.6409348815763052,0.7588896051771915,0.3659090909090909,0.9952061599602584,0.9333333333333332,0.7257142857142859,0.9959636145773196,0.976001288088221,0.9979265857779144,1.0,1.0,0.4088506056646175,0.9931105126862284,73.88546141912359,92.39014435394353,85.04902795877113,83.42278096248728,True,New Zealand
NIC,2018,23.0,0.9941132779958044,57.523977375160406,45.65217391304348,3.9,0.875,103.5,74.43286,5.166666666666667,35.2,75.75874281640951,85.2,113.2267851,0.2122777067124843,TSI,TSI,ORI,TSI,ORI,ORI,ORI,TSI,TSI,ORI,ORI,ORI,TSI,Central America,Latin America & Caribbean,Lower middle income,0.6407032124086269,0.550637279224586,0.4357707509881423,0.9573770491803278,0.8666666666666667,0.817142857142857,0.9564806913057302,0.8829331045651575,0.5404699738903394,0.7364018584957785,0.8508064516129032,0.3544692328759261,0.2059737521460694,69.023099169367,79.9256656726021,53.69128237826693,66.65941501983745,True,Nicaragua
NGA,2018,24.0,0.7314819789707803,60.66246494253145,5.769230769230769,30.9,0.5208333333333333,103.9,1135.41354,5.668016194331984,43.4,52.41045573971513,56.5,87.06722748,0.290191687643528,ORI,TSI,ORI,ORI,ORI,ORI,ORI,ORI,ORI,ORI,ORI,ORI,TSI,Western Africa,Sub-Saharan Africa,Lower middle income,0.4238976028736,0.5838399951391623,0.05506993006993,0.6622950819672131,0.4888888888888888,0.7942857142857138,0.3269972465797824,0.871107637962036,0.433420365535248,0.4825138264472655,0.561491935483871,0.2725737846059303,0.2845112601755121,44.279829978775886,60.645274109069504,40.02727016781447,47.54661755344327,True,Nigeria
MKD,2018,13.0,0.9180902536960794,47.41407835369604,37.5,3.4,0.875,108.2,2.87943,5.54197355429127,7.5,97.441880699391,99.8,93.16855383,0.746409073472023,ORI,ORI,ORI,ORI,ORI,ORI,ORI,AVG_REG,TSI,ORI,ORI,ORI,TSI,Southern Europe,Europe & Central Asia,Upper middle income,0.5779452007657436,0.4436825445222552,0.3579545454545454,0.9628415300546448,0.8666666666666667,0.5485714285714283,0.9989335846028607,0.8740806397265171,0.902088772845953,0.97218314676175,0.997983870967742,0.2916746755205675,0.7443796454706704,64.18180974927712,83.09186064366897,75.15553346801825,73.72992660526926,True,North Macedonia
NOR,2018,20.0,1.0186670805829685,77.90707756389347,41.42011834319526,0.3,0.875,106.4,1.9932,1.080550098231827,0.0,98.69567711661648,100.0,107.6910276,1.0,TSI,ORI,ORI,ORI,ORI,ORI,ORI,TSI,TSI,ORI,ORI,ORI,TSI,Northern Europe,Europe & Central Asia,High income,0.6609727010646823,0.7662743561596238,0.3953738569123184,0.99672131147541,0.8666666666666667,0.651428571428571,0.999459387874999,0.9793134387434008,1.0,0.9858168623278308,1.0,0.3371389190930246,1.0,73.72017784557403,90.75503495117428,83.07389453552139,82.21932199817695,True,Norway
PAK,2018,29.0,0.609359113343613,23.6253843926418,20.045045045045047,4.9,0.4375,105.5,177.72768,7.597535934291582,18.3,72.36729471208896,93.4,70.07944774,0.0758194401860237,ORI,ORI,ORI,ORI,ORI,ORI,ORI,ORI,ORI,ORI,ORI,ORI,TSI,Southern Asia,South Asia,Lower middle income,0.3230835627391856,0.1920169793056635,0.1913390663390663,0.946448087431694,0.4,0.7028571428571426,0.8951955234024402,0.8255955351558117,0.7610966057441253,0.6995234321610228,0.933467741935484,0.2193916223871162,0.0684234424976547,41.05775391631219,79.618620178988,48.02015597453194,53.94416398221401,True,Pakistan
PLW,2018,31.0,1.0054773082942097,72.8444537856539,13.79310344827586,0.4386363636363636,0.5,107.7,89.61976999999999,9.305029849711843,23.83333333333333,98.53369410730758,100.0,133.8270091,0.8725859133096842,TSI,TSI,ORI,AVG_INC,ORI,ORI,AVG_REG,AVG_TLS,AVG_REG,ORI,ORI,TSI,AVG_INC,Micronesia,East Asia & Pacific,High income,0.6500843696612723,0.712715801128587,0.1316614420062695,0.9952061599602584,0.4666666666666667,0.5771428571428567,0.9474702459679858,0.7853204153888397,0.6888598781549173,0.9840554676985956,1.0,0.418960559657863,0.8715662486125422,59.12668878846108,74.969834916365,81.86455689922502,71.32722742271864,True,Palau
PAN,2018,16.0,1.0514421241699845,64.46918616776614,18.309859154929576,1.4,0.71875,106.1,47.07842,7.599498802479009,26.4,86.0533368522717,93.8,137.3834585,0.42057865858078,TSI,ORI,ORI,ORI,ORI,ORI,ORI,AVG_REG,TSI,ORI,ORI,ORI,TSI,Central America,Latin America & Caribbean,High income,0.6880289328573103,0.6241120945801452,0.174775928297055,0.9846994535519126,0.7,0.6685714285714288,0.9727101735614762,0.8255492364541757,0.6553524804177546,0.8483447265921842,0.9375,0.4300944259905214,0.4159416870969925,63.43232818572846,78.05458297512088,65.79702099199245,68.80792007602538,True,Panama
PNG,2018,51.0,0.7293246746305353,58.243871536745225,0.0,39.7,0.59375,107.7,199.06436,9.305029849711843,27.3,27.977483279192725,16.6,46.09170728,0.2958234280452648,ORI,TSI,ORI,TSI,ORI,ORI,ORI,AVG_TLS,ORI,ORI,ORI,ORI,AVG_INC,Melanesia,East Asia & Pacific,Lower middle income,0.4221167196194879,0.5582531900168294,0.0,0.5661202185792349,0.5666666666666667,0.5771428571428567,0.8825363986147814,0.7853204153888397,0.6436031331592689,0.216830983216789,0.1592741935483871,0.1442952929119537,0.2901880700591271,42.263135897644375,72.21507010764367,20.26471349340643,39.54667800557375,True,Papua New Guinea
PRY,2018,18.0,1.0011655011655012,66.48150781745201,16.0,1.4,0.96875,105.1,69.76347,5.138715268873394,21.6,93.59627437066617,99.6,115.4634996,0.2927113771438598,ORI,ORI,ORI,ORI,ORI,ORI,ORI,AVG_REG,TSI,ORI,ORI,ORI,TSI,South America,Latin America & Caribbean,Upper middle income,0.6465249158710823,0.6454008658844835,0.1527272727272727,0.9846994535519126,0.9666666666666668,0.7257142857142859,0.9592510562684258,0.8835924017278659,0.7180156657963446,0.9303662280462084,0.9959677419354838,0.3614715201198608,0.287051114152928,67.92038349402836,82.16433523767304,64.37141510636202,71.08732583908329,True,Paraguay
PER,2018,38.0,0.8914728682170542,76.60466241233034,27.692307692307693,3.6,0.96875,104.1,62.55472,3.584229390681003,15.35,81.49070362407478,95.2,130.8994047,0.3835711702704429,ORI,ORI,ORI,ORI,ORI,ORI,ORI,ORI,TSI,ORI,ORI,ORI,TSI,South America,Latin America & Caribbean,Upper middle income,0.5559721971502872,0.7524958340683564,0.2643356643356643,0.960655737704918,0.9666666666666668,0.782857142857143,0.96352803215282,0.9202584796300268,0.7996083550913838,0.7987308955020932,0.9516129032258064,0.4097953635877311,0.3786380366405368,70.00252199851785,86.65630024328435,63.46942997390419,72.74885169051203,True,Peru
PHL,2018,14.0,1.0659477295572746,54.947047537098825,29.11392405063291,3.0,0.84375,108.0,82.29473,22.81370388021764,15.08,84.42429751995977,94.2,123.9757392,0.3682809174060821,TSI,ORI,ORI,ORI,ORI,ORI,ORI,TSI,TSI,ORI,ORI,ORI,TSI,Southeast Asia,East Asia & Pacific,Lower middle income,0.7000035018798942,0.5233753998931271,0.2779056386651323,0.9672131147540984,0.8333333333333334,0.5599999999999998,0.9518162171047602,0.466687675583324,0.8031331592689295,0.8306306395222535,0.941532258064516,0.3881200471305255,0.3632254195112729,66.03661977051172,69.54092629892534,63.0877091057142,66.16932247020239,True,Philippines
POL,2018,13.0,1.0239761951404205,67.68092057680464,25.535714285714285,0.2,0.9375,105.9,1.86507,2.212855637513172,7.8199999999999985,96.84280364180566,100.0,125.3471416,0.8989410251379013,TSI,ORI,ORI,ORI,ORI,ORI,ORI,TSI,AVG_REG,ORI,ORI,ORI,TSI,Eastern Europe,Europe & Central Asia,High income,0.665355445322479,0.6580897041412053,0.24375,0.9978142076502732,0.9333333333333332,0.6799999999999995,0.9995354078396348,0.9526054424246334,0.897911227154047,0.9656688146954984,1.0,0.3924133771607199,0.8981322741459745,69.9668538089458,88.25130193545787,81.40536165005483,79.51007422102768,True,Poland
PRT,2018,18.0,1.0187845303867402,74.61190389198215,34.78260869565217,0.3,0.96875,104.7,10.98013,5.54197355429127,6.82,99.47747095789916,100.0,115.2549871,0.9051232635974884,ORI,ORI,ORI,ORI,ORI,ORI,ORI,AVG_REG,AVG_REG,ORI,ORI,ORI,TSI,Southern Europe,Europe & Central Asia,High income,0.6610696574304735,0.7314140251979471,0.3320158102766798,0.99672131147541,0.9666666666666668,0.7485714285714282,0.9941274117508804,0.8740806397265171,0.9109660574412533,0.9943180469834296,1.0,0.3608187481997293,0.9043639875927496,73.75774942094354,88.19363843725198,81.4875195693977,80.930459260805,True,Portugal
ROU,2018,18.0,0.9458044165460392,63.2234393717654,18.70967741935484,2.7,0.90625,105.4,11.40143,3.1604538087520258,6.9,90.41271540799384,99.8,115.4396415,0.5646903365850449,TSI,ORI,ORI,ORI,ORI,ORI,ORI,ORI,TSI,ORI,ORI,ORI,TSI,Eastern Europe,Europe & Central Asia,High income,0.6008236086011555,0.6109330788659765,0.1785923753665689,0.9704918032786886,0.9,0.7085714285714281,0.9938774530284812,0.9302541886409764,0.9099216710182768,0.8957483771825333,0.997983870967742,0.3613968296444806,0.5612066566589169,65.21681732224779,88.56561853147906,70.40839336134181,74.08831739383822,True,Romania
RWA,2018,38.0,0.8132780082987551,59.526367509737945,55.66037735849056,52.0,0.6875,102.7,281.36148,12.508185985592664,6.02,67.07462878410749,38.0,77.40789677,0.3321228921413421,ORI,ORI,ORI,TSI,ORI,ORI,ORI,TSI,TSI,ORI,ORI,ORI,TSI,Eastern Africa,Sub-Saharan Africa,Low income,0.4914213064909163,0.5718209829549211,0.5313036020583191,0.4316939890710383,0.6666666666666666,0.8628571428571425,0.8337092375126351,0.7097667072087674,0.9214099216710184,0.6419712643154114,0.375,0.2423341593808158,0.3267780301515688,53.85813094483722,83.1935752312391,39.6520863461949,56.21717741608618,True,Rwanda
WSM,2018,40.0,1.0624356860762674,42.57288025450054,10.0,1.2,0.71875,107.6,58.08097,9.305029849711843,7.4,96.13080906408833,99.8,47.68694475,0.2958234280452648,TSI,TSI,ORI,TSI,ORI,ORI,ORI,AVG_TLS,TSI,ORI,ORI,ORI,AVG_INC,Polynesia,East Asia & Pacific,Lower middle income,0.6971042635543787,0.3924664980274718,0.0954545454545454,0.9868852459016394,0.7,0.582857142857143,0.9661823232383492,0.7853204153888397,0.9033942558746736,0.9579266235200992,0.997983870967742,0.1492893638974226,0.2901880700591271,57.43821105876072,80.94385343397514,59.88469821110978,65.2980504897562,True,Samoa
STP,2018,27.0,0.7822584557388664,21.53108231649832,18.181818181818183,15.7,0.59375,102.8,149.1564,20.24828425129148,28.64,54.81897857636854,71.0,76.9409115,0.2958234280452648,TSI,TSI,ORI,TSI,ORI,ORI,ORI,AVG_AFR,TSI,ORI,ORI,ORI,AVG_INC,Central Africa,Sub-Saharan Africa,Lower middle income,0.4658142557501375,0.1698609199360396,0.1735537190082645,0.8284153005464481,0.5666666666666667,0.8571428571428572,0.912146960967382,0.527198920674415,0.6261096605744125,0.5087039756917561,0.7076612903225806,0.2408722092753256,0.2901880700591271,44.08621723815113,73.06495998397666,43.68563863371973,52.01359742936309,True,São Tomé and Príncipe
SEN,2018,24.0,0.6142245170369298,46.03913153657483,41.81818181818182,9.2,0.4895833333333333,103.1,277.48837,19.427385601185183,25.5,64.41347152446079,66.0,106.3244864,0.1787091381847858,ORI,TSI,ORI,ORI,ORI,ORI,ORI,AVG_REG,ORI,ORI,ORI,ORI,TSI,Western Africa,Sub-Saharan Africa,Lower middle income,0.3271000178124364,0.4291366947820356,0.3991735537190083,0.8994535519125684,0.4555555555555555,0.8400000000000002,0.8360071668440179,0.5465616786620118,0.6671018276762402,0.6130339817899744,0.657258064516129,0.3328608075982088,0.1721365423311286,50.20838747563209,72.24176682955674,44.38223490588602,54.399043902383,True,Senegal
SRB,2018,17.0,0.9319310411503104,59.16062275203808,34.4,2.9,0.9375,106.9,11.46952,21.8436873747495,5.5,96.7481196042476,100.0,121.0748239,0.7505233883857727,TSI,ORI,ORI,ORI,ORI,ORI,ORI,TSI,TSI,ORI,ORI,ORI,TSI,Southern Europe,Europe & Central Asia,Upper middle income,0.5893709537951773,0.5679516927230893,0.3283636363636363,0.9683060109289616,0.9333333333333332,0.6228571428571423,0.9938370549999788,0.4895677166662543,0.9281984334203656,0.9646392255062334,1.0,0.379038404300864,0.748526886270242,67.74651254288398,75.86150869859351,77.30511290193348,73.51436539644948,True,Serbia
SLE,2018,36.0,0.4887412269282126,62.370140969330784,12.396694214876034,26.1,0.5625,103.3,459.50471,19.427385601185183,31.15,32.928842943516,26.1,80.84116316,0.0997344348579645,TSI,ORI,ORI,ORI,ORI,ORI,ORI,AVG_REG,TSI,ORI,ORI,ORI,TSI,Western Africa,Sub-Saharan Africa,Low income,0.2235119028410794,0.6019058567284898,0.1183320811419985,0.7147540983606557,0.5333333333333333,0.8285714285714285,0.7280162534754453,0.5465616786620118,0.5933420365535248,0.2706718049014863,0.2550403225806452,0.2530823873945952,0.0925298231963116,43.83674544811114,67.41228493156027,21.78310845182596,40.07735655235691,True,Sierra Leone
SGP,2018,11.0,0.9235880398671096,72.35105669757414,23.0,0.4386363636363636,0.6875,106.0,6.67091,3.764078561032876,0.1,100.0,100.0,147.3617155,0.964532434940338,ORI,ORI,ORI,AVG_INC,ORI,ORI,ORI,TSI,TSI,ORI,ORI,ORI,TSI,Southeast Asia,East Asia & Pacific,High income,0.5824836959349347,0.7074960502145141,0.2195454545454545,0.9952061599602584,0.6666666666666666,0.6742857142857142,0.996684086628016,0.9160163287148774,0.9986945169712794,1.0,1.0,0.4613324859699251,0.9642485964345312,63.42796054643656,89.64201616499717,85.63952706011142,78.67236535533478,True,Singapore
SVK,2018,18.0,0.9907192575406032,68.70709018840375,20.0,0.2,0.9375,105.4,4.65018,9.137055837563452,7.8199999999999985,98.2762702477763,100.0,132.9546485,0.8585300594568253,ORI,ORI,ORI,ORI,ORI,ORI,ORI,TSI,AVG_REG,ORI,ORI,ORI,TSI,Eastern Europe,Europe & Central Asia,High income,0.6379014036512705,0.6689457669302755,0.1909090909090909,0.9978142076502732,0.9333333333333332,0.7085714285714281,0.997882992607398,0.789282463742816,0.897911227154047,0.9812562543394294,1.0,0.4162295363191708,0.8573979090971146,68.57807604948488,84.84120280189222,81.37209249389288,77.93918604738111,True,Slovak Republic
SVN,2018,18.0,1.0031372781335293,73.67159097347883,28.68217054263566,0.0,0.90625,106.8,4.36618,4.866412213740458,6.82,98.810745021476,100.0,117.0914525,0.9724270850419998,TSI,ORI,ORI,ORI,ORI,ORI,ORI,TSI,AVG_REG,ORI,ORI,ORI,TSI,Southern Europe,Europe & Central Asia,High income,0.6481526438266133,0.7214662583090617,0.273784355179704,1.0,0.9,0.6285714285714286,0.998051490772984,0.8900152873729325,0.9109660574412533,0.9870681046061516,1.0,0.3665680104521747,0.972206425547353,70.86806514630759,85.69010660396495,83.14606351514198,79.62956021761622,True,Slovenia
SLB,2018,50.0,0.8205550207809462,89.846200188457,2.0,26.6,0.53125,107.0,127.14326,9.305029849711843,21.3,45.04504394283764,65.8,73.11789627,0.2958234280452648,AVG_INC,TSI,ORI,TSI,ORI,ORI,ORI,AVG_TLS,TSI,ORI,ORI,ORI,AVG_INC,Melanesia,East Asia & Pacific,Lower middle income,0.4974285765027253,0.8925808296642257,0.019090909090909,0.7092896174863388,0.5,0.617142857142857,0.9252074317729716,0.7853204153888397,0.7219321148825064,0.402422730248491,0.655241935483871,0.2289038285193566,0.2901880700591271,52.36779865488398,76.24007047967936,39.41891410777114,53.990508923855295,True,Solomon Islands
ZAF,2018,24.0,0.8848849498006437,47.66878289819255,41.29464285714285,20.5,0.90625,104.1,125.39751,33.92754456584244,3.6,80.68091129936415,84.7,161.1938374,0.7232240438461304,TSI,ORI,ORI,TSI,ORI,ORI,ORI,TSI,TSI,ORI,ORI,ORI,TSI,Southern Africa,Sub-Saharan Africa,Upper middle income,0.5505337834001394,0.4463771171313648,0.3941761363636363,0.7759562841530054,0.9,0.782857142857143,0.9262431911834356,0.2045425161527468,0.9530026109660574,0.7899252568266122,0.8457661290322581,0.504635505079838,0.7210090715550856,61.34086642096291,71.66613652898457,71.53339906234484,68.00240204042936,True,South Africa
SSD,2018,41.0,0.7689822294022616,67.81647252541316,26.55889145496536,67.3,0.40625,103.5,1274.81697,17.69619423711119,51.5,23.20582316909628,6.3,18.43380633,0.0453968867659568,TSI,TSI,ORI,TSI,ORI,ORI,ORI,AVG_REG,TSI,ORI,ORI,ORI,TSI,Eastern Africa,Sub-Saharan Africa,Low income,0.4548545553872408,0.6595237365356958,0.253516691161033,0.2644808743169399,0.3666666666666666,0.817142857142857,0.2442887175960005,0.587395756545368,0.3276762402088772,0.164944204928628,0.0554435483870967,0.0577091117000944,0.0377574246026216,39.98085048135152,49.41258928732757,7.896357240461023,24.9865028684169,True,South Sudan
ESP,2018,15.0,0.9814453125,62.97242747223678,38.63636363636363,0.8,1.0,105.8,4.05448,1.7811704834605595,6.82,99.92172684274227,100.0,115.7483421,0.9310325086116792,ORI,ORI,ORI,ORI,ORI,ORI,ORI,TSI,AVG_REG,ORI,ORI,ORI,TSI,Southern Europe,Europe & Central Asia,High income,0.6302456394114919,0.6082775715197396,0.3688016528925619,0.9912568306010928,1.0,0.6857142857142857,0.9982364234427488,0.9627877166477388,0.9109660574412533,0.9991488618504172,1.0,0.3623632517218513,0.9304805781458584,71.97163388849772,88.94261208115066,82.29981729295316,80.76503227544642,True,Spain
LKA,2018,24.0,0.9971830985915492,40.23459152556692,5.777777777777778,1.1,0.5,104.3,30.29092,4.2007730887145645,9.8,90.46089944064413,99.6,140.3243174,0.7739214897155762,ORI,ORI,ORI,TSI,ORI,ORI,ORI,AVG_REG,TSI,ORI,ORI,ORI,TSI,Southern Asia,South Asia,Lower middle income,0.6432373898958281,0.3677292528651239,0.0551515151515151,0.9879781420765028,0.4666666666666667,0.7714285714285715,0.9826702543881476,0.9057158970441546,0.8720626631853785,0.896272327791225,0.9959677419354838,0.4393011167691979,0.7721122370520165,50.415259333112736,88.29693465115629,77.59133558869809,70.16280663440948,True,Sri Lanka
SUR,2018,28.0,1.0267752035677478,54.58582030822411,25.49019607843137,1.1,0.59375,104.3,97.62668,5.138715268873394,36.0,91.3683683855516,97.4,126.7057876,0.5726386081934767,ORI,TSI,ORI,TSI,ORI,ORI,ORI,AVG_REG,ORI,ORI,ORI,ORI,AVG_INC,South America,Latin America & Caribbean,Upper middle income,0.6676660637843045,0.5195539015428936,0.2433155080213903,0.9879781420765028,0.5666666666666667,0.7714285714285715,0.9427197190418868,0.8835924017278659,0.5300261096605744,0.9061400968404446,0.9737903225806452,0.3966667718406502,0.5692185363987016,59.70360564183515,78.19417004647246,71.14539319151105,69.25331592921697,True,Suriname
SWE,2018,21.0,1.023782579711559,82.295390621415,43.55300859598854,0.7,1.0,105.7,4.53476,2.7918781725888326,0.2,99.17611857143592,100.0,124.246327,1.0,TSI,ORI,ORI,ORI,ORI,ORI,ORI,TSI,AVG_REG,ORI,ORI,ORI,TSI,Northern Europe,Europe & Central Asia,High income,0.6651956132262076,0.8126992371462202,0.4157332638707997,0.9923497267759562,1.0,0.6914285714285711,0.9979514716858204,0.9389478816349024,0.9973890339425588,0.991041157158452,1.0,0.3889671527849594,1.0,77.71955682038367,90.64292396729633,84.50020774858528,84.12156290747355,True,Sweden
CHE,2018,12.0,0.941631504922644,78.13261882717096,29.26829268292683,0.0,0.78125,105.1,7.43487,2.0242914979757085,0.1,99.932915968989,100.0,126.7095617,0.9889697283506392,ORI,ORI,ORI,ORI,ORI,ORI,ORI,TSI,AVG_REG,ORI,ORI,ORI,TSI,Western Europe,Europe & Central Asia,High income,0.5973788148869084,0.768660404321634,0.2793791574279379,1.0,0.7666666666666667,0.7257142857142859,0.9962308265625897,0.9570531556697832,0.9986945169712794,0.9992705318142048,1.0,0.3966785870867566,0.9888814557043968,68.24170086606294,91.94231962294846,84.62076436513395,80.97433952844744,True,Switzerland
TJK,2018,24.0,0.9025811823480432,28.681415139053616,20.0,6.1,0.84375,106.2,17.35197,3.4166666666666665,8.7,91.14126721150193,99.3,109.5514394,0.4143819957971573,TSI,TSI,ORI,TSI,ORI,ORI,ORI,TSI,TSI,ORI,ORI,ORI,TSI,Central Asia,Europe & Central Asia,Lower middle income,0.5651422573259641,0.2455057852750604,0.1909090909090909,0.9333333333333332,0.8333333333333334,0.6628571428571426,0.990346977414939,0.924210826819795,0.8864229765013055,0.9036706107506948,0.9929435483870968,0.3429631482539683,0.4096954338917399,55.36447600353564,86.59594808982956,66.23181853208749,68.22315741648946,True,Tajikistan
TZA,2018,38.0,0.8062747208912256,87.06962581640781,37.17948717948718,44.9,0.75,102.9,266.82197,17.69619423711119,30.03333333333333,36.92230610161207,34.9,74.87851487,0.181706216186285,ORI,TSI,ORI,ORI,ORI,ORI,ORI,AVG_REG,TSI,ORI,ORI,ORI,TSI,Eastern Africa,Sub-Saharan Africa,Lower middle income,0.4856400001470989,0.8632068690822932,0.3548951048951049,0.5092896174863388,0.7333333333333333,0.851428571428571,0.8423355782292514,0.587395756545368,0.6079199303742384,0.3140965109168278,0.34375,0.2344156438020912,0.1751576052365901,58.92729849888339,72.22699591443572,26.685493998887733,48.42806426739166,True,Tanzania
THA,2018,24.0,0.9522700814901048,74.26391953725077,4.8,0.0,0.65625,106.4,28.80441,5.510752688172043,17.0,98.59064503392985,99.8,175.8777812,0.8263566792011261,ORI,ORI,ORI,ORI,ORI,ORI,ORI,ORI,TSI,ORI,ORI,ORI,TSI,Southeast Asia,East Asia & Pacific,Upper middle income,0.6061611004935967,0.7277326259810174,0.0458181818181818,1.0,0.6333333333333333,0.651428571428571,0.9835522058252082,0.8748170547209277,0.7780678851174935,0.9846747490461296,0.997983870967742,0.5506052488094885,0.8249670529147999,60.26090483252259,82.196642927305,83.95577304345399,74.64145522485809,True,Thailand
TLS,2018,38.0,0.7639533427404878,58.82295411254015,32.30769230769231,24.4,0.75,107.1,249.4876,10.065407664650616,14.9,62.912444795310265,85.2,116.3766548,0.2958234280452648,TSI,TSI,ORI,TSI,ORI,ORI,ORI,AVG_REG,TSI,ORI,ORI,ORI,AVG_INC,Southeast Asia,East Asia & Pacific,Lower middle income,0.4507031429621568,0.5643794256135839,0.3083916083916084,0.7333333333333334,0.7333333333333333,0.6114285714285717,0.8526201188862539,0.7673851786724792,0.8054830287206266,0.5967118969593215,0.8508064516129032,0.3643302555591368,0.2901880700591271,55.80281687268032,75.92292244269828,52.55091685476222,60.60890607091653,True,Timor-Leste
TGO,2018,25.0,0.5134094099313916,76.36185487839737,17.582417582417584,28.4,0.78125,102.7,434.54162,19.427385601185183,24.8,33.92381745162635,50.0,76.36078188,0.2682987786829471,TSI,TSI,ORI,ORI,ORI,ORI,ORI,AVG_REG,TSI,ORI,ORI,ORI,TSI,Western Africa,Sub-Saharan Africa,Low income,0.2438758140427532,0.7499271224204563,0.1678321678321678,0.6896174863387978,0.7666666666666667,0.8628571428571425,0.7428269396457192,0.5465616786620118,0.6762402088772845,0.2814911047915722,0.4959677419354839,0.2390560480093461,0.2624431474602703,52.35838514601684,70.71214925105396,31.973951054916817,49.101210117260976,True,Togo
TON,2018,37.0,1.0108457382375875,55.08672121806548,7.6923076923076925,0.9000000000000001,0.5,108.1,83.91316,9.305029849711843,10.1,95.71363959750433,99.0,102.6514503,0.5726386081934767,TSI,ORI,ORI,TSI,ORI,ORI,ORI,AVG_TLS,TSI,ORI,ORI,ORI,AVG_INC,Polynesia,East Asia & Pacific,Upper middle income,0.6545160795543465,0.5248530369556704,0.0734265734265734,0.9901639344262296,0.4666666666666667,0.5542857142857145,0.950855997083178,0.7853204153888397,0.8681462140992167,0.9533903449248504,0.9899193548387096,0.3213619534397807,0.5692185363987016,54.19252582058973,78.96520852142372,70.84725474005106,67.17887634075333,True,Tonga
TTO,2018,28.0,1.0197050775873258,62.319339118942025,30.136986301369863,0.4386363636363636,0.84375,104.1,27.61219,1.5090543259557343,4.2,95.55199773196443,100.0,131.0947831,0.7360303997993469,TSI,TSI,ORI,AVG_INC,ORI,ORI,ORI,TSI,TSI,ORI,ORI,ORI,TSI,Caribbean,Latin America & Caribbean,High income,0.6618295813149063,0.601368413335714,0.2876712328767123,0.9952061599602584,0.8333333333333334,0.782857142857143,0.9842595540046972,0.9692061938880148,0.9451697127937336,0.9516326598748178,1.0,0.41040701772511,0.7339179137357181,67.5881744164185,92.03731508858972,77.39893978339116,78.37722620651783,True,Trinidad and Tobago
TUN,2018,25.0,0.8148885052766458,25.67796286465805,31.33640552995392,0.2,0.5,105.7,39.02239,6.15910240325911,1.5,95.43924730923632,99.8,123.7705691,0.2827479243278503,ORI,TSI,ORI,TSI,ORI,ORI,ORI,TSI,ORI,ORI,ORI,ORI,TSI,Northern Africa,Middle East & North Africa,Lower middle income,0.4927507930381867,0.2137316359470525,0.2991202346041056,0.9978142076502732,0.4666666666666667,0.6914285714285711,0.9774898435505806,0.8595242550276493,0.9804177545691906,0.9504066177739542,0.997983870967742,0.3874777389709161,0.2770079261886157,49.40167075812569,87.72151061439979,65.32190384753069,65.6601984430583,True,Tunisia
TUR,2018,32.0,0.8275128166201493,35.791681125600164,14.571948998178506,0.4,0.75,105.3,16.87219,6.039150354019158,14.7,97.6754096260958,100.0,96.74999684,0.552972823381424,TSI,ORI,ORI,ORI,ORI,ORI,ORI,ORI,ORI,ORI,ORI,ORI,TSI,Western Asia,Europe & Central Asia,Upper middle income,0.5031723289554555,0.320726775182034,0.1390958768007948,0.9956284153005464,0.7333333333333333,0.7142857142857143,0.9906316325201672,0.8623535963833072,0.8080939947780679,0.9747225278920544,1.0,0.3028867871708482,0.5493953709779947,53.83913459144328,84.38412344918142,70.67511715102243,68.47653614760819,True,Türkiye
TUV,2018,39.0,0.9648555707748488,36.58505900685193,6.666666666666667,3.6,0.609375,107.0,70.997065,9.305029849711843,1.8,88.65463361405287,99.0,78.2328578,0.5726386081934767,TSI,TSI,ORI,TSI,AVG_REG,ORI,AVG_REG,AVG_TLS,TSI,ORI,ORI,ORI,AVG_INC,Polynesia,East Asia & Pacific,Upper middle income,0.6165505882881018,0.329120085602625,0.0636363636363636,0.960655737704918,0.5833333333333334,0.617142857142857,0.9585191601607636,0.7853204153888397,0.9765013054830288,0.8766310892471141,0.9899193548387096,0.244916793014707,0.5692185363987016,51.065922171306845,83.43709345438724,67.01714433748081,65.85045115067642,True,Tuvalu
UGA,2018,45.0,0.6896657246487176,81.52023222615759,34.29844097995546,42.36666666666667,0.6145833333333333,102.8,283.32194,17.69619423711119,34.0,30.92866474291084,41.9,58.94688705,0.2917034551501274,TSI,TSI,ORI,TSI,ORI,ORI,ORI,AVG_REG,TSI,ORI,ORI,ORI,TSI,Eastern Africa,Sub-Saharan Africa,Low income,0.3893777320873588,0.8044986744758096,0.3273942093541203,0.5369763205828779,0.5888888888888888,0.8571428571428572,0.8325460899291679,0.587395756545368,0.556135770234987,0.248921973514289,0.4143145161290322,0.184539884397348,0.2860351259986856,52.94271650778111,70.8305118463095,28.345287500983872,47.36990232973494,True,Uganda
UKR,2018,18.0,0.9694519317160823,69.73709550565808,12.293144208037823,0.0,0.78125,106.7,11.27424,6.070861222668452,9.1,96.33050192286753,100.0,127.753861,0.6616229563951492,TSI,ORI,ORI,ORI,ORI,ORI,ORI,TSI,TSI,ORI,ORI,ORI,TSI,Eastern Europe,Europe & Central Asia,Upper middle income,0.6203449450125538,0.6798424084511292,0.1173436492585428,1.0,0.7666666666666667,0.6342857142857139,0.9939529152879212,0.8616056235669879,0.881201044386423,0.9600980730471268,1.0,0.3999478839358806,0.6589150052207571,63.68395338777785,84.27613243817615,75.47402405509412,73.9907403511318,True,Ukraine
GBR,2018,24.0,1.001739308020254,74.53661970009242,28.52233676975945,0.5,0.96875,105.5,9.20921,2.549019607843137,0.0,99.40314817463336,100.0,118.7527408,0.9703233987092972,TSI,ORI,ORI,ORI,ORI,ORI,ORI,TSI,TSI,ORI,ORI,ORI,TSI,Northern Europe,Europe & Central Asia,High income,0.6469986010158534,0.7306175779976585,0.2722586691658857,0.994535519125683,0.9666666666666668,0.7028571428571426,0.9951781046079212,0.9446762521393212,1.0,0.9935098649905606,1.0,0.3717688610174068,0.9700859039121886,72.22154067943494,91.06778749010962,83.38411574800391,81.85369469843943,True,United Kingdom
USA,2018,26.0,1.0044543429844095,68.93334779828072,19.73684210526316,1.0,0.84375,104.6,19.45208,3.073929961089494,0.1588235294117647,99.69140200011034,100.0,104.847944,0.9371265918016434,ORI,ORI,ORI,ORI,ORI,ORI,ORI,TSI,AVG_EUR,ORI,ORI,ORI,TSI,North America,North America,High income,0.649239898273636,0.6713393934726769,0.1883971291866028,0.989071038251366,0.8333333333333334,0.7542857142857144,0.9891009750116686,0.9322950499851002,0.9979265857779144,0.9966443217599332,1.0,0.3282383249288075,0.9366234308373091,66.6276158503523,91.84020812650994,81.53765193815126,79.3137427539965,True,United States
URY,2018,18.0,1.0650406504065042,69.85279089760003,22.307692307692307,0.1,0.78125,105.9,18.06394,3.6524374402329873,24.6,98.13977588966884,99.8,130.1172556,0.6440336853265762,ORI,ORI,ORI,ORI,ORI,ORI,ORI,TSI,TSI,ORI,ORI,ORI,TSI,South America,Latin America & Caribbean,High income,0.699254696048642,0.6810663741826526,0.2129370629370629,0.9989071038251366,0.7666666666666667,0.6799999999999995,0.9899245631932762,0.918649637958634,0.6788511749347258,0.9797720219479142,0.997983870967742,0.4073467575337242,0.6411849713902089,67.17663807320321,81.68563440216589,75.65719054598974,74.59986712574648,True,Uruguay
VUT,2018,47.0,0.8205550207809462,62.444173334947294,0.0,10.522222222222222,0.5833333333333333,107.0,96.58235,9.305029849711843,21.4,62.327648340547015,61.6,84.57103647,0.2958234280452648,AVG_INC,TSI,ORI,TSI,ORI,ORI,ORI,AVG_TLS,TSI,ORI,ORI,ORI,AVG_INC,Melanesia,East Asia & Pacific,Lower middle income,0.4974285765027253,0.6026890605970041,0.0,0.8850030358227079,0.5555555555555555,0.617142857142857,0.9433393235815574,0.7853204153888397,0.720626631853786,0.5903528514087384,0.6129032258064516,0.2647591768552552,0.2901880700591271,50.81352456955985,76.660730699176,43.9550831032393,55.529077665731805,True,Vanuatu
VEN,2018,19.0,1.057884231536926,60.60269160649261,22.15568862275449,7.1,0.78125,105.7,179.33174,5.546218487394958,23.51590909090909,95.4968565481958,99.9,69.50784615,0.7241199761629105,TSI,TSI,ORI,TSI,ORI,ORI,ORI,TSI,AVG_REG,ORI,ORI,ORI,TSI,South America,Latin America & Caribbean,Upper middle income,0.6933469776583865,0.5832076405246668,0.2114861186717474,0.9224043715846996,0.7666666666666667,0.6914285714285711,0.8942438291507154,0.8739805133438636,0.6930037977688108,0.9510330575748352,0.998991935483871,0.2176021590817771,0.7219121738055692,63.54223550212333,78.81641779229902,72.23848314865131,71.25509663901225,True,"Venezuela, Bolivarian Republic"
VNM,2018,25.0,0.916008172861621,85.82138103200627,26.72064777327936,1.2,0.84375,114.8,51.06105,11.864117364117364,13.775,88.20021908350661,100.0,148.1748225,0.3405622482299805,TSI,ORI,ORI,ORI,ORI,ORI,ORI,TSI,TSI,ORI,ORI,ORI,TSI,Southeast Asia,East Asia & Pacific,Lower middle income,0.5762264155101715,0.8500014266267565,0.2550607287449393,0.9868852459016394,0.8333333333333334,0.1714285714285713,0.9703472656417308,0.7249585275917302,0.8201697127937337,0.8716898098069705,1.0,0.4638780092247053,0.3352849244041082,70.03014300233681,67.17260193639414,66.7713185858946,67.97601675707746,True,Vietnam
PSE,2018,29.0,0.9781931464174454,14.592027892345168,13.072236985241217,0.5,0.28125,105.1,20.95697,9.25553319919517,13.4,97.55083618707336,100.0,89.97575355,0.1830820254981517,ORI,ORI,AVG_REG,TSI,ORI,ORI,ORI,TSI,TSI,ORI,ORI,ORI,TSI,Middle East,Middle East & North Africa,Lower middle income,0.6275609333141802,0.0964512129305945,0.1247804439500298,0.994535519125683,0.2333333333333333,0.7257142857142859,0.988208118658117,0.7864879062417323,0.825065274151436,0.9733679229407346,1.0,0.2816792538102531,0.1765444248238648,41.533228853076416,83.13688961913928,60.78979003937132,59.4301331950044,True,West Bank and Gaza
ZMB,2018,41.0,0.759401503648013,61.08370469946775,17.964071856287426,62.3,0.8125,101.1,144.87115,35.821917808219176,29.0,45.00229561035674,40.2,86.73672801,0.267752330750227,ORI,ORI,ORI,TSI,ORI,ORI,ORI,TSI,ORI,ORI,ORI,ORI,TSI,Eastern Africa,Sub-Saharan Africa,Lower middle income,0.4469455396124687,0.5882963785662908,0.1714752313554708,0.3191256830601093,0.8,0.9542857142857144,0.9146894143620208,0.1598594232696361,0.6214099216710183,0.4019578871543797,0.3971774193548387,0.2715391187051601,0.2618923264344307,46.5168566518868,66.25611183970975,33.31416879122023,46.82614755539837,True,Zambia
ZWE,2018,35.0,0.878208549124925,71.00726107251751,36.15160349854227,37.0,0.875,102.3,358.5035,10.154620462046203,33.375,45.32709249207381,45.4,85.76158782,0.2348026931285858,TSI,TSI,ORI,TSI,ORI,ORI,ORI,TSI,TSI,ORI,ORI,ORI,TSI,Eastern Africa,Sub-Saharan Africa,Lower middle income,0.5450223263751283,0.6932797554456998,0.3450834879406307,0.5956284153005464,0.8666666666666667,0.8857142857142857,0.7879406147675744,0.7652808923453625,0.5642950391644908,0.4054897111740078,0.4495967741935484,0.2684863322572317,0.2286790006827002,60.91361303457343,75.08077079979283,33.8062954576872,53.67188995883658,True,Zimbabwe
